,Channel,Computer,Correlation,Details,EventID,EventRecordID,Eventtype,Execution_ProcessID,Execution_ThreadID,FileName,Image,Keywords,Level,Opcode,Processguid,Processid,Provider_Guid,Provider_Name,Rulename,Security_UserID,Targetobject,Task,TimeCreated_SystemTime,Utctime,Version,Membername,Membersid,Privilegelist,Subjectdomainname,Subjectlogonid,Subjectusername,Subjectusersid,Targetdomainname,Targetsid,Targetusername,String,String2,String3,Bytestotal,Bytestransferred,Bytestransferredfrompeer,Filelength,Filetime,Id,Name,Peer,Transferid,Url,Additionalinfohr,Bandwidthlimit,Hr,Ignorebandwidthlimitsonlan,Peercontextinfo,Peerprotocolflags,Proxy,Commandline,Company,Currentdirectory,Description,Fileversion,Hashes,Integritylevel,Logonguid,Logonid,Parentcommandline,Parentimage,Parentprocessguid,Parentprocessid,Product,Terminalsessionid,User,Creationutctime,Targetfilename,Calltrace,Grantedaccess,Sourceimage,Sourceprocessguid,Sourceprocessid,Sourcethreadid,Targetimage,Targetprocessguid,Targetprocessid,Imageloaded,Signature,Signaturestatus,Signed
0,Microsoft-Windows-Sysmon/Operational,MSEDGEWIN10,,"""c:\windows\tasks\taskhost.exe""",13,306346,SetValue,3400,4136,evasion_persis_hidden_run_keyvalue_sysmon_13.evtx,C:\Users\Public\tools\evasion\a.exe,0x8000000000000000,4,0,{747F3D96-8FD2-5F00-0000-0010C15D2200},3728,{5770385F-C22A-43E0-BF4C-06F5698FFBD9},Microsoft-Windows-Sysmon,Persistence - Hidden Run value detected,,HKLM\SOFTWARE\Microsoft\Windows\CurrentVersion\Run\,13,2020-07-04T14:18:58.268712600Z,2020-07-04 14:18:58.231,2,,,,,,,,,,,,,,,,,,,,,,,,,,,,,,,,,,,,,,,,,,,,,,,,,,,,,,,,,,,,,
1,Security,MSEDGEWIN10,,,4732,191029,,624,4452,Network_Service_Guest_added_to_admins_4732.evtx,,0x8020000000000000,0,0,,,{54849625-5478-4994-A5BA-3E3B0328C30D},Microsoft-Windows-Security-Auditing,,,,13826,2019-09-22T11:22:05.201727100Z,,0,-,S-1-5-21-3461203602-4096304019-2269080069-501,-,MSEDGEWIN10,0x000000000027a10f,IEUser,S-1-5-21-3461203602-4096304019-2269080069-1000,Builtin,S-1-5-32-544,Administrators,,,,,,,,,,,,,,,,,,,,,,,,,,,,,,,,,,,,,,,,,,,,,,,,,,,
2,Security,MSEDGEWIN10,,,4732,191030,,624,5108,Network_Service_Guest_added_to_admins_4732.evtx,,0x8020000000000000,0,0,,,{54849625-5478-4994-A5BA-3E3B0328C30D},Microsoft-Windows-Security-Auditing,,,,13826,2019-09-22T11:23:19.251925800Z,,0,-,S-1-5-20,-,MSEDGEWIN10,0x000000000027a10f,IEUser,S-1-5-21-3461203602-4096304019-2269080069-1000,Builtin,S-1-5-32-544,Administrators,,,,,,,,,,,,,,,,,,,,,,,,,,,,,,,,,,,,,,,,,,,,,,,,,,,
3,Microsoft-Windows-Bits-Client/Operational,IEWIN7,,,3,3815,,964,984,persist_bitsadmin_Microsoft-Windows-Bits-Client-Operational.evtx,,0x4000000000000000,4,0,,,{EF1CC15B-46C1-414E-BB95-E76B077BD51E},Microsoft-Windows-Bits-Client,,,,0,2019-05-12T18:02:05.215197700Z,,0,,,,,,,,,,,backdoor,IEWIN7\IEUser,,,,,,,,,,,,,,,,,,,,,,,,,,,,,,,,,,,,,,,,,,,,,,,,,
4,Microsoft-Windows-Bits-Client/Operational,IEWIN7,,,59,3817,,964,1404,persist_bitsadmin_Microsoft-Windows-Bits-Client-Operational.evtx,,0x4000000000000000,4,1,,,{EF1CC15B-46C1-414E-BB95-E76B077BD51E},Microsoft-Windows-Bits-Client,,,,0,2019-05-12T18:04:50.121447700Z,,1,,,,,,,,,,,,,,302592,0,0,302592,2010-11-20T12:17:00.401000000Z,{B35C4A1D-4425-45BE-92D1-B67183AE222F},backdoor,,{2515F08C-3969-4086-B4EC-6E8ECA6B722E},C:\Windows\system32\cmd.exe,,,,,,,,,,,,,,,,,,,,,,,,,,,,,,,,,,,,,,
5,Microsoft-Windows-Bits-Client/Operational,IEWIN7,,,60,3818,,964,2428,persist_bitsadmin_Microsoft-Windows-Bits-Client-Operational.evtx,,0x4000000000000000,4,2,,,{EF1CC15B-46C1-414E-BB95-E76B077BD51E},Microsoft-Windows-Bits-Client,,,,0,2019-05-12T18:04:50.137072700Z,,1,,,,,,,,,,,,,,302592,302592,0,302592,2010-11-20T12:17:00.401000000Z,{B35C4A1D-4425-45BE-92D1-B67183AE222F},backdoor,,{2515F08C-3969-4086-B4EC-6E8ECA6B722E},C:\Windows\system32\cmd.exe,0,18446744073709551615,0,false,0,0,,,,,,,,,,,,,,,,,,,,,,,,,,,,,,,,
6,Microsoft-Windows-Bits-Client/Operational,IEWIN7,,,3,3825,,964,2088,persist_bitsadmin_Microsoft-Windows-Bits-Client-Operational.evtx,,0x4000000000000000,4,0,,,{EF1CC15B-46C1-414E-BB95-E76B077BD51E},Microsoft-Windows-Bits-Client,,,,0,2019-05-13T14:50:01.999051100Z,,0,,,,,,,,,,,hola,IEWIN7\IEUser,,,,,,,,,,,,,,,,,,,,,,,,,,,,,,,,,,,,,,,,,,,,,,,,,
7,Microsoft-Windows-Bits-Client/Operational,IEWIN7,,,59,3827,,964,1460,persist_bitsadmin_Microsoft-Windows-Bits-Client-Operational.evtx,,0x4000000000000000,4,1,,,{EF1CC15B-46C1-414E-BB95-E76B077BD51E},Microsoft-Windows-Bits-Client,,,,0,2019-05-13T14:50:59.389676100Z,,1,,,,,,,,,,,,,,302592,0,0,302592,2010-11-20T12:17:00.401000000Z,{51607467-5AB5-4DCB-AAF0-FB92C997C0BD},hola,,{905EB165-B377-4DEC-929B-6F6F124E02AA},C:\Windows\system32\cmd.exe,,,,,,,,,,,,,,,,,,,,,,,,,,,,,,,,,,,,,,
8,Microsoft-Windows-Bits-Client/Operational,IEWIN7,,,60,3828,,964,3176,persist_bitsadmin_Microsoft-Windows-Bits-Client-Operational.evtx,,0x4000000000000000,4,2,,,{EF1CC15B-46C1-414E-BB95-E76B077BD51E},Microsoft-Windows-Bits-Client,,,,0,2019-05-13T14:50:59.405301100Z,,1,,,,,,,,,,,,,,302592,302592,0,302592,2010-11-20T12:17:00.401000000Z,{51607467-5AB5-4DCB-AAF0-FB92C997C0BD},hola,,{905EB165-B377-4DEC-929B-6F6F124E02AA},C:\Windows\system32\cmd.exe,0,18446744073709551615,0,false,0,0,,,,,,,,,,,,,,,,,,,,,,,,,,,,,,,,
9,Microsoft-Windows-Sysmon/Operational,IEWIN7,,,1,370,,3416,3496,persist_firefox_comhijack_sysmon_11_13_7_1.evtx,C:\Users\IEUser\Downloads\com-hijack.exe,0x8000000000000000,4,0,{365ABB72-47BB-5CE3-0000-0010BFA83E00},1912,{5770385F-C22A-43E0-BF4C-06F5698FFBD9},Microsoft-Windows-Sysmon,,,,1,2019-05-21T00:35:07.308923300Z,2019-05-21 00:35:07.297,5,,,,,,,,,,,,,,,,,,,,,,,,,,,,,,,"""C:\Users\IEUser\Downloads\com-hijack.exe"" ",?,C:\Users\IEUser\Downloads\,?,?,"SHA1=6F598827EFE472BC8D98CD173AD49B35B041000C,MD5=4177769EEF9E078971DA6EE31BDAE45F,SHA256=E624863387832C7BBE47D17A346AAB6A76638A2C9B5368FD7308A28775F1478A,IMPHASH=9E0317422070F8D5638E230F22763466",High,{365ABB72-39CC-5CE3-0000-002096C70000},0x000000000000c796,C:\Windows\Explorer.EXE,C:\Windows\explorer.exe,{365ABB72-39CD-5CE3-0000-0010A0E30000},1376,?,1,IEWIN7\IEUser,,,,,,,,,,,,,,,
10,Microsoft-Windows-Sysmon/Operational,IEWIN7,,,11,371,,3416,3496,persist_firefox_comhijack_sysmon_11_13_7_1.evtx,C:\Users\IEUser\Downloads\com-hijack.exe,0x8000000000000000,4,0,{365ABB72-47BB-5CE3-0000-0010BFA83E00},1912,{5770385F-C22A-43E0-BF4C-06F5698FFBD9},Microsoft-Windows-Sysmon,,,,11,2019-05-21T00:35:07.463144500Z,2019-05-21 00:35:07.375,2,,,,,,,,,,,,,,,,,,,,,,,,,,,,,,,,,,,,,,,,,,,,,,,2019-05-20 23:39:21.672,C:\ProgramData\demo.dll,,,,,,,,,,,,,
11,Microsoft-Windows-Sysmon/Operational,IEWIN7,,C:\ProgramData\demo.dll,13,372,SetValue,3416,3496,persist_firefox_comhijack_sysmon_11_13_7_1.evtx,C:\Users\IEUser\Downloads\com-hijack.exe,0x8000000000000000,4,0,{365ABB72-47BB-5CE3-0000-0010BFA83E00},1912,{5770385F-C22A-43E0-BF4C-06F5698FFBD9},Microsoft-Windows-Sysmon,,,HKU\S-1-5-21-3583694148-1414552638-2922671848-1000_CLASSES\CLSID\{BCDE0395-E52F-467C-8E3D-C4579291692E}\InprocServer32\(Default),13,2019-05-21T00:35:07.474160300Z,2019-05-21 00:35:07.375,2,,,,,,,,,,,,,,,,,,,,,,,,,,,,,,,,,,,,,,,,,,,,,,,,,,,,,,,,,,,,,
12,Microsoft-Windows-Sysmon/Operational,IEWIN7,,,11,373,,3416,3496,persist_firefox_comhijack_sysmon_11_13_7_1.evtx,C:\Users\IEUser\Downloads\com-hijack.exe,0x8000000000000000,4,0,{365ABB72-47BB-5CE3-0000-0010BFA83E00},1912,{5770385F-C22A-43E0-BF4C-06F5698FFBD9},Microsoft-Windows-Sysmon,,,,11,2019-05-21T00:35:07.474160300Z,2019-05-21 00:35:07.375,2,,,,,,,,,,,,,,,,,,,,,,,,,,,,,,,,,,,,,,,,,,,,,,,2019-05-20 23:39:21.672,C:\Users\IEUser\Downloads\test.bat,,,,,,,,,,,,,
13,Microsoft-Windows-Sysmon/Operational,IEWIN7,,,1,374,,3416,3496,persist_firefox_comhijack_sysmon_11_13_7_1.evtx,C:\Windows\System32\cmd.exe,0x8000000000000000,4,0,{365ABB72-47BB-5CE3-0000-001071AD3E00},3944,{5770385F-C22A-43E0-BF4C-06F5698FFBD9},Microsoft-Windows-Sysmon,,,,1,2019-05-21T00:35:07.474160300Z,2019-05-21 00:35:07.386,5,,,,,,,,,,,,,,,,,,,,,,,,,,,,,,,C:\Windows\system32\cmd.exe /c test.bat,Microsoft Corporation,C:\Users\IEUser\Downloads\,Windows Command Processor,6.1.7601.17514 (win7sp1_rtm.101119-1850),"SHA1=EE8CBF12D87C4D388F09B4F69BED2E91682920B5,MD5=AD7B9C14083B52BC532FBA5948342B98,SHA256=17F746D82695FA9B35493B41859D39D786D32B23A9D2E00F4011DEC7A02402AE,IMPHASH=CEEFB55F764020CC5C5F8F23349AB163",High,{365ABB72-39CC-5CE3-0000-002096C70000},0x000000000000c796,"""C:\Users\IEUser\Downloads\com-hijack.exe"" ",C:\Users\IEUser\Downloads\com-hijack.exe,{365ABB72-47BB-5CE3-0000-0010BFA83E00},1912,Microsoft® Windows® Operating System,1,IEWIN7\IEUser,,,,,,,,,,,,,,,
14,Microsoft-Windows-Sysmon/Operational,IEWIN7,,,10,375,,3416,3496,persist_firefox_comhijack_sysmon_11_13_7_1.evtx,,0x8000000000000000,4,0,,,{5770385F-C22A-43E0-BF4C-06F5698FFBD9},Microsoft-Windows-Sysmon,,,,10,2019-05-21T00:35:07.474160300Z,2019-05-21 00:35:07.386,3,,,,,,,,,,,,,,,,,,,,,,,,,,,,,,,,,,,,,,,,,,,,,,,,,C:\Windows\SYSTEM32\ntdll.dll+4534c|C:\Windows\system32\kernel32.dll+5112b|C:\Windows\system32\kernel32.dll+5cc2f|C:\Windows\system32\kernel32.dll+20ae|C:\Windows\system32\kernel32.dll+8f5e3|C:\Users\IEUser\Downloads\com-hijack.exe+1d37|C:\Users\IEUser\Downloads\com-hijack.exe+202b|C:\Users\IEUser\Downloads\com-hijack.exe+3b4d|C:\Windows\system32\kernel32.dll+4ef8c|C:\Windows\SYSTEM32\ntdll.dll+6367a|C:\Windows\SYSTEM32\ntdll.dll+6364d,0x001fffff,C:\Users\IEUser\Downloads\com-hijack.exe,{365ABB72-47BB-5CE3-0000-0010BFA83E00},1912,3120,C:\Windows\system32\cmd.exe,{365ABB72-47BB-5CE3-0000-001071AD3E00},3944,,,,
15,Microsoft-Windows-Sysmon/Operational,IEWIN7,,,1,376,,3416,3496,persist_firefox_comhijack_sysmon_11_13_7_1.evtx,C:\Windows\System32\cmd.exe,0x8000000000000000,4,0,{365ABB72-47BB-5CE3-0000-00108CAD3E00},3176,{5770385F-C22A-43E0-BF4C-06F5698FFBD9},Microsoft-Windows-Sysmon,,,,1,2019-05-21T00:35:07.474160300Z,2019-05-21 00:35:07.386,5,,,,,,,,,,,,,,,,,,,,,,,,,,,,,,,C:\Windows\system32\cmd.exe /c pause,Microsoft Corporation,C:\Users\IEUser\Downloads\,Windows Command Processor,6.1.7601.17514 (win7sp1_rtm.101119-1850),"SHA1=EE8CBF12D87C4D388F09B4F69BED2E91682920B5,MD5=AD7B9C14083B52BC532FBA5948342B98,SHA256=17F746D82695FA9B35493B41859D39D786D32B23A9D2E00F4011DEC7A02402AE,IMPHASH=CEEFB55F764020CC5C5F8F23349AB163",High,{365ABB72-39CC-5CE3-0000-002096C70000},0x000000000000c796,"""C:\Users\IEUser\Downloads\com-hijack.exe"" ",C:\Users\IEUser\Downloads\com-hijack.exe,{365ABB72-47BB-5CE3-0000-0010BFA83E00},1912,Microsoft® Windows® Operating System,1,IEWIN7\IEUser,,,,,,,,,,,,,,,
16,Microsoft-Windows-Sysmon/Operational,IEWIN7,,,10,377,,3416,3496,persist_firefox_comhijack_sysmon_11_13_7_1.evtx,,0x8000000000000000,4,0,,,{5770385F-C22A-43E0-BF4C-06F5698FFBD9},Microsoft-Windows-Sysmon,,,,10,2019-05-21T00:35:07.474160300Z,2019-05-21 00:35:07.386,3,,,,,,,,,,,,,,,,,,,,,,,,,,,,,,,,,,,,,,,,,,,,,,,,,C:\Windows\SYSTEM32\ntdll.dll+4534c|C:\Windows\system32\kernel32.dll+5112b|C:\Windows\system32\kernel32.dll+5cc2f|C:\Windows\system32\kernel32.dll+20ae|C:\Users\IEUser\Downloads\com-hijack.exe+9dbd|C:\Users\IEUser\Downloads\com-hijack.exe+4d65|C:\Users\IEUser\Downloads\com-hijack.exe+4c18|C:\Users\IEUser\Downloads\com-hijack.exe+2ae5|C:\Users\IEUser\Downloads\com-hijack.exe+2035|C:\Users\IEUser\Downloads\com-hijack.exe+3b4d|C:\Windows\system32\kernel32.dll+4ef8c|C:\Windows\SYSTEM32\ntdll.dll+6367a|C:\Windows\SYSTEM32\ntdll.dll+6364d,0x001fffff,C:\Users\IEUser\Downloads\com-hijack.exe,{365ABB72-47BB-5CE3-0000-0010BFA83E00},1912,3120,C:\Windows\system32\cmd.exe,{365ABB72-47BB-5CE3-0000-00108CAD3E00},3176,,,,
17,Microsoft-Windows-Sysmon/Operational,IEWIN7,,,1,378,,3416,3496,persist_firefox_comhijack_sysmon_11_13_7_1.evtx,C:\Program Files\Mozilla Firefox\firefox.exe,0x8000000000000000,4,0,{365ABB72-47BB-5CE3-0000-001053AF3E00},3168,{5770385F-C22A-43E0-BF4C-06F5698FFBD9},Microsoft-Windows-Sysmon,,,,1,2019-05-21T00:35:07.518223500Z,2019-05-21 00:35:07.397,5,,,,,,,,,,,,,,,,,,,,,,,,,,,,,,,"""C:\Program Files\Mozilla Firefox\firefox.exe""",Mozilla Corporation,C:\Users\IEUser\Downloads\,Firefox,66.0.5,"SHA1=B18D536DA2242D6D9BB66CBE63CF312ABC9987A8,MD5=6AC1B75613E6143F94FF7A933B7993FC,SHA256=ABCE2767221B43127068C82BE7EBDF66FAA38B72F67676311FA4589075502A7F,IMPHASH=C5596CA4210F5F3474B68D7D54A73D16",High,{365ABB72-39CC-5CE3-0000-002096C70000},0x000000000000c796,C:\Windows\system32\cmd.exe /c test.bat,C:\Windows\System32\cmd.exe,{365ABB72-47BB-5CE3-0000-001071AD3E00},3944,Firefox,1,IEWIN7\IEUser,,,,,,,,,,,,,,,
18,Microsoft-Windows-Sysmon/Operational,IEWIN7,,,1,379,,3416,3496,persist_firefox_comhijack_sysmon_11_13_7_1.evtx,C:\Program Files\Mozilla Firefox\firefox.exe,0x8000000000000000,4,0,{365ABB72-47BB-5CE3-0000-001019C53E00},3936,{5770385F-C22A-43E0-BF4C-06F5698FFBD9},Microsoft-Windows-Sysmon,,,,1,2019-05-21T00:35:07.870729100Z,2019-05-21 00:35:07.837,5,,,,,,,,,,,,,,,,,,,,,,,,,,,,,,,"""C:\Program Files\Mozilla Firefox\firefox.exe"" -contentproc --channel=""3168.0.153744822\2027949517"" -parentBuildID 20190507012018 -greomni ""C:\Program Files\Mozilla Firefox\omni.ja"" -appomni ""C:\Program Files\Mozilla Firefox\browser\omni.ja"" -appdir ""C:\Program Files\Mozilla Firefox\browser"" - 3168 ""\\.\pipe\gecko-crash-server-pipe.3168"" 956 gpu",Mozilla Corporation,C:\Users\IEUser\Downloads\,Firefox,66.0.5,"SHA1=B18D536DA2242D6D9BB66CBE63CF312ABC9987A8,MD5=6AC1B75613E6143F94FF7A933B7993FC,SHA256=ABCE2767221B43127068C82BE7EBDF66FAA38B72F67676311FA4589075502A7F,IMPHASH=C5596CA4210F5F3474B68D7D54A73D16",High,{365ABB72-39CC-5CE3-0000-002096C70000},0x000000000000c796,"""C:\Program Files\Mozilla Firefox\firefox.exe""",C:\Program Files\Mozilla Firefox\firefox.exe,{365ABB72-47BB-5CE3-0000-001053AF3E00},3168,Firefox,1,IEWIN7\IEUser,,,,,,,,,,,,,,,
19,Microsoft-Windows-Sysmon/Operational,IEWIN7,,,7,380,,3416,3496,persist_firefox_comhijack_sysmon_11_13_7_1.evtx,C:\Program Files\Mozilla Firefox\firefox.exe,0x8000000000000000,4,0,{365ABB72-47BB-5CE3-0000-001053AF3E00},3168,{5770385F-C22A-43E0-BF4C-06F5698FFBD9},Microsoft-Windows-Sysmon,,,,7,2019-05-21T00:35:08.224338300Z,2019-05-21 00:35:08.191,3,,,,,,,,,,,,,,,,,,,,,,,,,,,,,,,,?,,?,?,"SHA1=263AF863339D5F077CC419F7022B768644E8C3C6,MD5=1FCA8060B5CE9E240200D36B43B56500,SHA256=CEB59283C30F6BC6B78973B6813EC31A7B2734AB22FB709DE3153AD26882BD83,IMPHASH=0ADAA39553FF0E3D8B44F011FD3C461E",,,,,,,,?,,,,,,,,,,,,,,C:\ProgramData\demo.dll,,Unavailable,false
20,Microsoft-Windows-Sysmon/Operational,IEWIN7,,,1,381,,3416,3496,persist_firefox_comhijack_sysmon_11_13_7_1.evtx,C:\Windows\System32\calc.exe,0x8000000000000000,4,0,{365ABB72-47BC-5CE3-0000-00107DDD3E00},2596,{5770385F-C22A-43E0-BF4C-06F5698FFBD9},Microsoft-Windows-Sysmon,,,,1,2019-05-21T00:35:08.279417300Z,2019-05-21 00:35:08.224,5,,,,,,,,,,,,,,,,,,,,,,,,,,,,,,,"""C:\Windows\System32\calc.exe"" ",Microsoft Corporation,C:\Users\IEUser\Downloads\,Windows Calculator,6.1.7600.16385 (win7_rtm.090713-1255),"SHA1=9018A7D6CDBE859A430E8794E73381F77C840BE0,MD5=60B7C0FEAD45F2066E5B805A91F4F0FC,SHA256=80C10EE5F21F92F89CBC293A59D2FD4C01C7958AACAD15642558DB700943FA22,IMPHASH=F93B5D76132F6E6068946EC238813CE1",High,{365ABB72-39CC-5CE3-0000-002096C70000},0x000000000000c796,"""C:\Program Files\Mozilla Firefox\firefox.exe""",C:\Program Files\Mozilla Firefox\firefox.exe,{365ABB72-47BB-5CE3-0000-001053AF3E00},3168,Microsoft® Windows® Operating System,1,IEWIN7\IEUser,,,,,,,,,,,,,,,
21,Microsoft-Windows-Sysmon/Operational,IEWIN7,,,7,382,,3416,3496,persist_firefox_comhijack_sysmon_11_13_7_1.evtx,C:\Program Files\Mozilla Firefox\firefox.exe,0x8000000000000000,4,0,{365ABB72-47BB-5CE3-0000-001053AF3E00},3168,{5770385F-C22A-43E0-BF4C-06F5698FFBD9},Microsoft-Windows-Sysmon,,,,7,2019-05-21T00:35:08.717041500Z,2019-05-21 00:35:08.628,3,,,,,,,,,,,,,,,,,,,,,,,,,,,,,,,,?,,?,?,"SHA1=263AF863339D5F077CC419F7022B768644E8C3C6,MD5=1FCA8060B5CE9E240200D36B43B56500,SHA256=CEB59283C30F6BC6B78973B6813EC31A7B2734AB22FB709DE3153AD26882BD83,IMPHASH=0ADAA39553FF0E3D8B44F011FD3C461E",,,,,,,,?,,,,,,,,,,,,,,C:\ProgramData\demo.dll,,Unavailable,false
22,Microsoft-Windows-Sysmon/Operational,IEWIN7,,,1,383,,3416,3496,persist_firefox_comhijack_sysmon_11_13_7_1.evtx,C:\Windows\System32\calc.exe,0x8000000000000000,4,0,{365ABB72-47BC-5CE3-0000-001044EE3E00},3860,{5770385F-C22A-43E0-BF4C-06F5698FFBD9},Microsoft-Windows-Sysmon,,,,1,2019-05-21T00:35:08.728057300Z,2019-05-21 00:35:08.628,5,,,,,,,,,,,,,,,,,,,,,,,,,,,,,,,"""C:\Windows\System32\calc.exe"" ",Microsoft Corporation,C:\Users\IEUser\Downloads\,Windows Calculator,6.1.7600.16385 (win7_rtm.090713-1255),"SHA1=9018A7D6CDBE859A430E8794E73381F77C840BE0,MD5=60B7C0FEAD45F2066E5B805A91F4F0FC,SHA256=80C10EE5F21F92F89CBC293A59D2FD4C01C7958AACAD15642558DB700943FA22,IMPHASH=F93B5D76132F6E6068946EC238813CE1",High,{365ABB72-39CC-5CE3-0000-002096C70000},0x000000000000c796,"""C:\Program Files\Mozilla Firefox\firefox.exe""",C:\Program Files\Mozilla Firefox\firefox.exe,{365ABB72-47BB-5CE3-0000-001053AF3E00},3168,Microsoft® Windows® Operating System,1,IEWIN7\IEUser,,,,,,,,,,,,,,,
23,Microsoft-Windows-Sysmon/Operational,IEWIN7,,,1,384,,3416,3496,persist_firefox_comhijack_sysmon_11_13_7_1.evtx,C:\Program Files\Mozilla Firefox\firefox.exe,0x8000000000000000,4,0,{365ABB72-47BC-5CE3-0000-0010C6F03E00},2236,{5770385F-C22A-43E0-BF4C-06F5698FFBD9},Microsoft-Windows-Sysmon,,,,1,2019-05-21T00:35:08.728057300Z,2019-05-21 00:35:08.661,5,,,,,,,,,,,,,,,,,,,,,,,,,,,,,,,"""C:\Program Files\Mozilla Firefox\firefox.exe"" -contentproc --channel=""3168.6.1176946839\1268428683"" -childID 1 -isForBrowser -prefsHandle 1844 -prefMapHandle 1836 -prefsLen 1 -prefMapSize 183351 -parentBuildID 20190507012018 -greomni ""C:\Program Files\Mozilla Firefox\omni.ja"" -appomni ""C:\Program Files\Mozilla Firefox\browser\omni.ja"" -appdir ""C:\Program Files\Mozilla Firefox\browser"" - 3168 ""\\.\pipe\gecko-crash-server-pipe.3168"" 1680 tab",Mozilla Corporation,C:\Users\IEUser\Downloads\,Firefox,66.0.5,"SHA1=B18D536DA2242D6D9BB66CBE63CF312ABC9987A8,MD5=6AC1B75613E6143F94FF7A933B7993FC,SHA256=ABCE2767221B43127068C82BE7EBDF66FAA38B72F67676311FA4589075502A7F,IMPHASH=C5596CA4210F5F3474B68D7D54A73D16",Low,{365ABB72-39CC-5CE3-0000-002096C70000},0x000000000000c796,"""C:\Program Files\Mozilla Firefox\firefox.exe""",C:\Program Files\Mozilla Firefox\firefox.exe,{365ABB72-47BB-5CE3-0000-001053AF3E00},3168,Firefox,1,IEWIN7\IEUser,,,,,,,,,,,,,,,
24,Microsoft-Windows-Sysmon/Operational,IEWIN7,,,1,385,,3416,3496,persist_firefox_comhijack_sysmon_11_13_7_1.evtx,C:\Program Files\Mozilla Firefox\firefox.exe,0x8000000000000000,4,0,{365ABB72-47BE-5CE3-0000-0010CF0C3F00},3920,{5770385F-C22A-43E0-BF4C-06F5698FFBD9},Microsoft-Windows-Sysmon,,,,1,2019-05-21T00:35:10.161517900Z,2019-05-21 00:35:10.062,5,,,,,,,,,,,,,,,,,,,,,,,,,,,,,,,"""C:\Program Files\Mozilla Firefox\firefox.exe"" -contentproc --channel=""3168.13.1464597065\1561502721"" -childID 2 -isForBrowser -prefsHandle 2432 -prefMapHandle 2436 -prefsLen 5401 -prefMapSize 183351 -parentBuildID 20190507012018 -greomni ""C:\Program Files\Mozilla Firefox\omni.ja"" -appomni ""C:\Program Files\Mozilla Firefox\browser\omni.ja"" -appdir ""C:\Program Files\Mozilla Firefox\browser"" - 3168 ""\\.\pipe\gecko-crash-server-pipe.3168"" 2448 tab",Mozilla Corporation,C:\Users\IEUser\Downloads\,Firefox,66.0.5,"SHA1=B18D536DA2242D6D9BB66CBE63CF312ABC9987A8,MD5=6AC1B75613E6143F94FF7A933B7993FC,SHA256=ABCE2767221B43127068C82BE7EBDF66FAA38B72F67676311FA4589075502A7F,IMPHASH=C5596CA4210F5F3474B68D7D54A73D16",Low,{365ABB72-39CC-5CE3-0000-002096C70000},0x000000000000c796,"""C:\Program Files\Mozilla Firefox\firefox.exe""",C:\Program Files\Mozilla Firefox\firefox.exe,{365ABB72-47BB-5CE3-0000-001053AF3E00},3168,Firefox,1,IEWIN7\IEUser,,,,,,,,,,,,,,,
25,Microsoft-Windows-Sysmon/Operational,IEWIN7,,,1,386,,3416,3496,persist_firefox_comhijack_sysmon_11_13_7_1.evtx,C:\Program Files\Mozilla Firefox\firefox.exe,0x8000000000000000,4,0,{365ABB72-47C0-5CE3-0000-00108D243F00},3372,{5770385F-C22A-43E0-BF4C-06F5698FFBD9},Microsoft-Windows-Sysmon,,,,1,2019-05-21T00:35:12.705165100Z,2019-05-21 00:35:12.474,5,,,,,,,,,,,,,,,,,,,,,,,,,,,,,,,"""C:\Program Files\Mozilla Firefox\firefox.exe"" -contentproc --channel=""3168.20.1502540827\1989220046"" -childID 3 -isForBrowser -prefsHandle 3032 -prefMapHandle 3056 -prefsLen 6207 -prefMapSize 183351 -parentBuildID 20190507012018 -greomni ""C:\Program Files\Mozilla Firefox\omni.ja"" -appomni ""C:\Program Files\Mozilla Firefox\browser\omni.ja"" -appdir ""C:\Program Files\Mozilla Firefox\browser"" - 3168 ""\\.\pipe\gecko-crash-server-pipe.3168"" 3024 tab",Mozilla Corporation,C:\Users\IEUser\Downloads\,Firefox,66.0.5,"SHA1=B18D536DA2242D6D9BB66CBE63CF312ABC9987A8,MD5=6AC1B75613E6143F94FF7A933B7993FC,SHA256=ABCE2767221B43127068C82BE7EBDF66FAA38B72F67676311FA4589075502A7F,IMPHASH=C5596CA4210F5F3474B68D7D54A73D16",Low,{365ABB72-39CC-5CE3-0000-002096C70000},0x000000000000c796,"""C:\Program Files\Mozilla Firefox\firefox.exe""",C:\Program Files\Mozilla Firefox\firefox.exe,{365ABB72-47BB-5CE3-0000-001053AF3E00},3168,Firefox,1,IEWIN7\IEUser,,,,,,,,,,,,,,,
26,Microsoft-Windows-Sysmon/Operational,IEWIN7,,DWORD (0x00000001),13,387,SetValue,3416,3496,persist_firefox_comhijack_sysmon_11_13_7_1.evtx,C:\Windows\system32\svchost.exe,0x8000000000000000,4,0,{365ABB72-39CB-5CE3-0000-001046AA0000},816,{5770385F-C22A-43E0-BF4C-06F5698FFBD9},Microsoft-Windows-Sysmon,,,HKLM\SOFTWARE\Microsoft\Windows NT\CurrentVersion\NetworkList\Profiles\{6ACC3724-ED52-4080-9712-AD6B9F4CD7E3}\Category,13,2019-05-21T00:36:14.747769300Z,2019-05-21 00:36:14.737,2,,,,,,,,,,,,,,,,,,,,,,,,,,,,,,,,,,,,,,,,,,,,,,,,,,,,,,,,,,,,,
27,Microsoft-Windows-Sysmon/Operational,IEWIN7,,DWORD (0x00000000),13,388,SetValue,3416,3496,persist_firefox_comhijack_sysmon_11_13_7_1.evtx,C:\Windows\system32\svchost.exe,0x8000000000000000,4,0,{365ABB72-39CB-5CE3-0000-001046AA0000},816,{5770385F-C22A-43E0-BF4C-06F5698FFBD9},Microsoft-Windows-Sysmon,,,HKLM\SOFTWARE\Microsoft\Windows NT\CurrentVersion\NetworkList\Profiles\{6ACC3724-ED52-4080-9712-AD6B9F4CD7E3}\CategoryType,13,2019-05-21T00:36:14.747769300Z,2019-05-21 00:36:14.737,2,,,,,,,,,,,,,,,,,,,,,,,,,,,,,,,,,,,,,,,,,,,,,,,,,,,,,,,,,,,,,
